site_id,lat,lon,timestamp,observed,predicted,residual,model_version,siteengname,countyen,townshipen,basinen,riveren,Arsenic,Biochemical Oxygen Demand,Cadmium,Chemical Oxygen Demand,Chloride,Coliform Group,Conductivity,Copper,Dissolved Oxygen,Dissolved Oxygen Saturation,Hexavalent Chromium,Lead,Manganese,Mercury,NH3-N,Nickel,Nitrate-Nitrogen,Nitrite-Nitrogen,River Pollution Index,Selenium,Silver,Suspended Solid,Temperature,Total Organic Carbon,Total-Phosphate,Water Temperature,Zinc,pH,year,index,absolute_residual,is_anomaly,direction,threshold
1001,25.051144,121.500209,2021-01-07 11:51:29,3.25,3.2153780324525982,0.034621967547401766,Gradient Boosting,Jhongshou Bridge.,New Taipei City,Zhongzheng District,Danshuei River,Danshuei River,0.0005,3.2,0.001,7.6,15.1,530000.0,243.0,0.012,6.1,63.0,0.002,0.003,0.053,0.0003,2.38,0.012,0.45,0.082,3.25,0.001,0.001,17.1,12.4,1.7,0.382,17.2,0.017,7.44,2021,0,0.034621967547401766,False,normal,0.4044246213148957
1001,25.051144,121.500209,2025-10-09 06:36:48,6.25,5.8090082032357095,0.44099179676429046,Gradient Boosting,Jhongshou Bridge.,Taipei City,Zhongzheng District,Danshuei River,Danshuei River,,3.3,,22.4,561.0,180000.0,2920.0,,2.3,32.4,,,,,3.47,,,,6.25,,,74.7,27.3,,,28.4,,7.48,2025,1,0.44099179676429046,True,high,0.4044246213148957
1001,25.051144,121.500209,2026-07-07 10:25:00,2.5,2.834319225983502,-0.33431922598350194,Gradient Boosting,Jhongshou Bridge.,Taipei City,Zhongzheng District,Danshuei River,Danshuei River,0.0009,1.4,0.001,6.8,9.6,230000.0,192.0,0.006,5.9,72.8,0.002,0.003,0.06,0.0003,0.84,0.005,0.66,,2.5,,0.001,28.7,32.4,,0.13,26.4,0.016,7.42,2026,2,0.33431922598350194,False,normal,0.4044246213148957
1002,25.084174,121.5027969,2021-01-07 11:26:00,3.5,3.502439003626636,-0.0024390036266361825,Gradient Boosting,Chongyang Bridge,Taipei City,Shihlin District,Danshuei River,Danshuei River,0.0007,2.6,0.001,6.1,15.6,230000.0,233.0,0.004,3.5,36.0,0.002,0.003,0.044,0.0003,2.26,0.006,0.53,0.076,3.5,0.001,0.001,15.0,12.3,1.52,0.288,17.1,0.012,7.32,2021,3,0.0024390036266361825,False,normal,0.4044246213148957
1002,25.084174,121.5027969,2025-10-09 06:12:14,5.75,5.516641176912381,0.23335882308761935,Gradient Boosting,Chongyang Bridge,Taipei City,Shihlin District,Danshuei River,Danshuei River,,1.9,,19.2,1770.0,100000.0,6300.0,,2.6,33.5,,,,,3.24,,,,5.75,,,87.4,27.5,,,28.6,,7.32,2025,4,0.23335882308761935,False,normal,0.4044246213148957
1002,25.084174,121.5027969,2026-07-07 10:00:05,2.5,2.8056590721365837,-0.3056590721365837,Gradient Boosting,Chongyang Bridge,Taipei City,Shihlin District,Danshuei River,Danshuei River,0.0009,3.4,0.001,7.1,10.6,31000.0,224.0,0.004,5.7,72.6,0.002,0.003,0.044,0.0003,0.72,0.005,0.68,,2.5,,0.001,16.6,32.1,,0.115,28.3,0.012,7.33,2026,5,0.3056590721365837,False,normal,0.4044246213148957
1003,25.1248169,121.4572369,2021-01-07 11:02:00,3.5,3.7147761080661605,-0.21477610806616054,Gradient Boosting,Gwandu Bridge,New Taipei City,Bali District,Danshuei River,Danshuei River,0.0015,2.4,0.001,13.1,115.0,200000.0,653.0,0.004,4.2,42.5,0.002,0.003,0.03,0.0003,2.66,0.011,0.75,0.148,3.5,0.001,0.001,11.6,11.9,1.53,0.267,17.2,0.011,7.64,2021,6,0.21477610806616054,False,normal,0.4044246213148957
1003,25.1248169,121.4572369,2025-10-09 05:46:27,4.75,4.411017467336421,0.3389825326635787,Gradient Boosting,Gwandu Bridge,New Taipei City,Bali District,Danshuei River,Danshuei River,,1.0,,13.5,7030.0,19000.0,21600.0,,2.5,35.8,,,,,2.13,,,,4.75,,,77.6,27.4,,,29.8,,7.28,2025,7,0.3389825326635787,False,normal,0.4044246213148957
1003,25.1248169,121.4572369,2026-07-07 09:35:02,3.25,3.6036628836085636,-0.35366288360856357,Gradient Boosting,Gwandu Bridge,New Taipei City,Bali District,Danshuei River,Danshuei River,0.0015,1.2,0.001,12.2,436.0,19000.0,2890.0,0.005,4.3,56.8,0.002,0.003,0.063,0.0003,0.75,0.005,0.77,,3.25,,0.001,27.1,31.7,,0.158,29.0,0.014,7.23,2026,8,0.35366288360856357,False,normal,0.4044246213148957
1004,25.1709011,121.422745,2021-01-07 10:43:00,2.75,2.7846462771106992,-0.03464627711069923,Gradient Boosting,Danshuei River Mouth,New Taipei City,TamsuiDistrict,Danshuei River,Danshuei River,0.0015,1.2,0.001,4.0,4770.0,31000.0,16800.0,0.001,5.8,64.1,0.002,0.003,0.023,0.0003,1.33,0.005,0.55,0.115,2.75,0.001,0.001,14.2,11.7,0.46,0.139,17.1,0.007,7.52,2021,9,0.03464627711069923,False,normal,0.4044246213148957
1004,25.1709011,121.422745,2025-10-09 05:20:00,4.0,4.250734255138835,-0.25073425513883496,Gradient Boosting,Danshuei River Mouth,New Taipei City,TamsuiDistrict,Danshuei River,Danshuei River,,1.0,,13.3,15100.0,3700.0,39200.0,,3.7,55.6,,,,,0.91,,,,4.0,,,79.4,27.2,,,29.5,,7.64,2025,10,0.25073425513883496,False,normal,0.4044246213148957
1004,25.1709011,121.422745,2026-07-07 09:11:00,2.0,1.7112703940138756,0.2887296059861244,Gradient Boosting,Danshuei River Mouth,New Taipei City,TamsuiDistrict,Danshuei River,Danshuei River,0.0021,1.0,0.001,9.7,7190.0,3300.0,21300.0,0.001,5.7,79.9,0.002,0.003,0.041,0.0003,0.6,0.005,0.51,,2.0,,0.001,10.5,31.3,,0.146,30.4,0.003,7.69,2026,11,0.2887296059861244,False,normal,0.4044246213148957
1005,25.1064039,121.8054,2021-01-04 09:09:45,1.0,1.0484030473186072,-0.04840304731860723,Gradient Boosting,Jieshou Bridge,New Taipei City,Rueifang District,Danshuei River,Keelung River,0.0005,1.7,0.001,7.6,,72000.0,111.0,0.004,9.6,100.7,0.002,0.006,0.021,0.0003,0.16,0.005,0.73,0.008,1.0,0.001,0.001,20.0,16.2,0.78,0.095,17.5,0.012,7.5,2021,12,0.04840304731860723,False,normal,0.4044246213148957
1005,25.1064039,121.8054,2025-10-08 10:55:42,1.5,1.2878057476559477,0.21219425234405231,Gradient Boosting,Jieshou Bridge,New Taipei City,Rueifang District,Danshuei River,Keelung River,,1.4,,7.6,,43000.0,263.0,,7.4,97.5,,,,,0.64,,,,1.5,,,14.4,29.0,,,29.3,,8.03,2025,13,0.21219425234405231,False,normal,0.4044246213148957
1005,25.1064039,121.8054,2026-07-06 08:55:22,1.0,1.0428867179788925,-0.04288671797889254,Gradient Boosting,Jieshou Bridge,New Taipei City,Rueifang District,Danshuei River,Keelung River,0.0005,1.1,0.001,4.0,,66000.0,184.0,0.003,8.2,106.6,0.002,0.003,0.018,0.0003,0.23,0.005,0.26,,1.0,,0.001,5.3,27.5,,0.045,29.0,0.014,8.32,2026,14,0.04288671797889254,False,normal,0.4044246213148957
1006,25.1028361,121.7416289,2021-01-04 13:03:08,1.5,1.4967622978279964,0.003237702172003587,Gradient Boosting,Nungen Bridge,Keelung City,Nuannuan District,Danshuei River,Keelung River,0.0005,2.1,0.001,7.5,,310000.0,120.0,0.002,9.2,97.6,0.002,0.003,0.027,0.0003,0.26,0.005,0.75,0.029,1.5,0.001,0.001,46.2,18.1,1.13,0.164,18.0,0.013,7.42,2021,15,0.003237702172003587,False,normal,0.4044246213148957
1006,25.1028361,121.7416289,2025-10-08 11:46:05,1.5,1.3880171787488609,0.11198282125113912,Gradient Boosting,Nungen Bridge,Keelung City,Nuannuan District,Danshuei River,Keelung River,,1.8,,12.9,,4800.0,290.0,,8.0,106.2,,,,,0.63,,,,1.5,,,3.0,31.0,,,30.4,,8.01,2025,16,0.11198282125113912,False,normal,0.4044246213148957
1006,25.1028361,121.7416289,2026-07-06 09:47:31,1.0,1.0428867179788925,-0.04288671797889254,Gradient Boosting,Nungen Bridge,Keelung City,Nuannuan District,Danshuei River,Keelung River,0.0006,1.0,0.001,4.0,,44000.0,214.0,0.002,7.4,99.5,0.002,0.003,0.029,0.0003,0.24,0.005,1.24,,1.0,,0.001,3.8,27.7,,0.083,30.2,0.009,7.96,2026,17,0.04288671797889254,False,normal,0.4044246213148957
1007,25.0947711,121.7037589,2021-01-04 13:49:43,2.25,2.398023420704911,-0.14802342070491115,Gradient Boosting,Liuho Bridge,Keelung City,Cidu District,Danshuei River,Keelung River,0.0005,3.0,0.001,10.9,,340000.0,120.0,0.003,9.3,98.0,0.002,0.003,0.036,0.0003,0.28,0.005,0.86,0.038,2.25,0.001,0.001,62.7,17.8,1.39,0.2,18.0,0.013,7.14,2021,18,0.14802342070491115,False,normal,0.4044246213148957
1007,25.0947711,121.7037589,2025-10-08 12:56:54,3.5,3.792516559429248,-0.2925165594292478,Gradient Boosting,Liuho Bridge,Keelung City,Cidu District,Danshuei River,Keelung River,,6.7,,20.4,,40000.0,353.0,,7.8,103.8,,,,,2.33,,,,3.5,,,6.0,28.6,,,30.3,,7.88,2025,19,0.2925165594292478,False,normal,0.4044246213148957
1007,25.0947711,121.7037589,2026-07-06 13:03:00,1.5,1.4967622978279964,0.003237702172003587,Gradient Boosting,Liuho Bridge,Keelung City,Cidu District,Danshuei River,Keelung River,0.001,1.9,0.001,6.5,,29000.0,228.0,0.004,6.6,90.2,0.002,0.003,0.05,0.0003,0.45,0.005,1.43,,1.5,,0.001,22.2,29.1,,0.17,31.6,0.016,7.51,2026,20,0.003237702172003587,False,normal,0.4044246213148957
1008,25.0787808,121.6933319,2021-01-04 14:27:39,2.25,2.398023420704911,-0.14802342070491115,Gradient Boosting,Shihgein Bridge,Keelung City,Cidu District,Danshuei River,Keelung River,0.0005,2.6,0.001,9.4,,250000.0,134.0,0.007,9.0,95.4,0.002,0.003,0.044,0.0003,0.24,0.005,1.13,0.039,2.25,0.001,0.001,62.8,18.2,1.51,0.197,18.1,0.024,7.48,2021,21,0.14802342070491115,False,normal,0.4044246213148957
1008,25.0787808,121.6933319,2025-10-08 13:35:00,2.75,2.9492795300414563,-0.19927953004145627,Gradient Boosting,Shihgein Bridge,Keelung City,Cidu District,Danshuei River,Keelung River,,3.7,,16.3,,57000.0,404.0,,7.5,98.7,,,,,1.71,,,,2.75,,,7.9,27.5,,,29.6,,7.75,2025,22,0.19927953004145627,False,normal,0.4044246213148957
1008,25.0787808,121.6933319,2026-07-06 13:38:28,1.0,1.0428867179788925,-0.04288671797889254,Gradient Boosting,Shihgein Bridge,Keelung City,Cidu District,Danshuei River,Keelung River,0.0008,1.3,0.001,7.3,,27000.0,266.0,0.004,7.7,106.6,0.002,0.003,0.051,0.0003,0.29,0.005,1.48,,1.0,,0.001,9.4,30.6,,0.134,32.1,0.016,7.82,2026,23,0.04288671797889254,False,normal,0.4044246213148957
1009,25.068573,121.65564,2021-01-04 15:19:22,2.25,2.398023420704911,-0.14802342070491115,Gradient Boosting,Jiangpei Bridge,New Taipei City,Sijhih District,Danshuei River,Keelung River,0.0006,2.3,0.001,8.7,,310000.0,143.0,0.006,9.1,96.4,0.002,0.003,0.048,0.0003,0.3,0.005,0.88,0.051,2.25,0.001,0.001,66.7,18.5,1.54,0.236,18.0,0.02,7.5,2021,24,0.14802342070491115,False,normal,0.4044246213148957
1009,25.068573,121.65564,2025-10-08 14:26:08,3.75,3.64276740610618,0.10723259389382012,Gradient Boosting,Jiangpei Bridge,New Taipei City,Sijhih District,Danshuei River,Keelung River,,3.8,,17.2,,15000.0,344.0,,4.8,63.8,,,,,1.14,,,,3.75,,,21.4,27.7,,,29.9,,7.68,2025,25,0.10723259389382012,False,normal,0.4044246213148957
1009,25.068573,121.65564,2026-07-06 14:32:02,1.0,1.0428867179788925,-0.04288671797889254,Gradient Boosting,Jiangpei Bridge,New Taipei City,Sijhih District,Danshuei River,Keelung River,0.0009,2.7,0.001,8.0,,240000.0,294.0,0.005,9.2,127.6,0.002,0.003,0.053,0.0003,0.3,0.005,1.43,,1.0,,0.001,10.2,31.2,,0.146,32.7,0.018,7.88,2026,26,0.04288671797889254,False,normal,0.4044246213148957
1010,25.0634669,121.5695161,2021-01-04 11:11:12,3.25,3.775290736783613,-0.5252907367836128,Gradient Boosting,Minchenda Bridge,Taipei City,Songshan District,Danshuei River,Keelung River,0.0006,5.3,0.001,12.5,19.5,96000.0,237.0,0.003,4.9,50.8,0.002,0.003,0.036,0.0003,0.98,0.005,1.33,0.133,3.25,0.001,0.001,8.4,19.2,2.11,0.197,17.5,0.011,7.26,2021,27,0.5252907367836128,True,low,0.4044246213148957
1010,25.0634669,121.5695161,2025-10-08 07:51:00,4.0,4.153745363955465,-0.15374536395546468,Gradient Boosting,Minchenda Bridge,Taipei City,Songshan District,Danshuei River,Keelung River,,1.7,,17.1,30.4,33000.0,334.0,,2.5,33.0,,,,,1.75,,,,4.0,,,26.2,27.6,,,30.2,,7.38,2025,28,0.15374536395546468,False,normal,0.4044246213148957
1010,25.0634669,121.5695161,2026-07-06 11:21:00,2.0,1.780513397187232,0.219486602812768,Gradient Boosting,Minchenda Bridge,Taipei City,Songshan District,Danshuei River,Keelung River,0.0009,1.8,0.001,10.0,23.9,34000.0,255.0,0.005,4.6,62.0,0.002,0.004,0.041,0.0003,0.52,0.005,1.59,,2.0,,0.001,6.8,31.9,,0.143,31.2,0.01,7.3,2026,29,0.219486602812768,False,normal,0.4044246213148957
1011,25.0764581,121.5444539,2021-01-04 10:46:13,4.0,3.8243880145604434,0.17561198543955658,Gradient Boosting,Dajhih Bridge,Taipei City,Jhongshan District,Danshuei River,Keelung River,0.0006,3.6,0.001,10.8,19.4,78000.0,234.0,0.003,4.3,44.5,0.002,0.003,0.027,0.0003,1.27,0.005,1.25,0.276,4.0,0.001,0.001,5.0,18.1,1.83,0.245,17.0,0.008,7.12,2021,30,0.17561198543955658,False,normal,0.4044246213148957
1011,25.0764581,121.5444539,2025-10-08 07:27:30,3.5,3.931015912964007,-0.431015912964007,Gradient Boosting,Dajhih Bridge,Taipei City,Jhongshan District,Danshuei River,Keelung River,,1.8,,18.3,64.0,30000.0,453.0,,2.6,33.5,,,,,1.81,,,,3.5,,,19.2,26.1,,,30.0,,7.24,2025,31,0.431015912964007,True,low,0.4044246213148957
1011,25.0764581,121.5444539,2026-07-06 10:55:00,1.5,1.626315978469784,-0.12631597846978404,Gradient Boosting,Dajhih Bridge,Taipei City,Jhongshan District,Danshuei River,Keelung River,0.0008,2.1,0.001,9.2,26.6,36000.0,262.0,0.003,4.8,63.9,0.002,0.009,0.047,0.0003,0.4,0.005,2.52,,1.5,,0.001,8.5,31.7,,0.215,31.0,0.013,7.26,2026,32,0.12631597846978404,False,normal,0.4044246213148957
1012,25.088435,121.5137258,2021-01-04 09:56:34,4.0,4.252964923897812,-0.252964923897812,Gradient Boosting,Bialin Bridge,Taipei City,Shihlin District,Danshuei River,Keelung River,0.0006,4.0,0.001,17.7,20.7,1000000.0,237.0,0.003,3.7,38.1,0.002,0.003,0.034,0.0003,1.68,0.005,1.09,0.397,4.0,0.001,0.001,7.2,17.3,2.08,0.331,17.0,0.014,7.19,2021,33,0.252964923897812,False,normal,0.4044246213148957
1012,25.088435,121.5137258,2025-10-08 06:37:02,4.0,4.082990720958263,-0.08299072095826343,Gradient Boosting,Bialin Bridge,Taipei City,Shihlin District,Danshuei River,Keelung River,,1.7,,15.6,303.0,38000.0,1320.0,,2.4,31.3,,,,,2.19,,,,4.0,,,28.7,25.7,,,29.5,,7.26,2025,34,0.08299072095826343,False,normal,0.4044246213148957
1012,25.088435,121.5137258,2026-07-06 10:05:03,2.75,2.3677193928092044,0.3822806071907956,Gradient Boosting,Bialin Bridge,Taipei City,Shihlin District,Danshuei River,Keelung River,0.0009,2.0,0.001,10.0,27.6,200000.0,259.0,0.004,4.3,58.0,0.002,0.003,0.049,0.0003,0.62,0.005,2.18,,2.75,,0.001,11.1,31.3,,0.209,31.1,0.019,7.17,2026,35,0.3822806071907956,False,normal,0.4044246213148957
1013,24.884674,121.283827,2021-01-04 13:10:00,3.25,3.280967123053613,-0.030967123053613044,Gradient Boosting,Dahan Bridge,Taoyuan County,Dasi District,Danshuei River,Dahan River,0.0011,2.0,0.001,6.6,,6300.0,237.0,0.003,9.5,103.3,0.002,0.003,0.045,0.0003,0.05,0.005,0.89,0.012,3.25,0.001,0.001,119.0,17.9,0.8,0.271,18.9,0.005,7.9,2021,36,0.030967123053613044,False,normal,0.4044246213148957
1013,24.884674,121.283827,2025-10-08 09:36:38,1.5,1.4967622978279964,0.003237702172003587,Gradient Boosting,Dahan Bridge,Taoyuan County,Dasi District,Danshuei River,Dahan River,,1.0,,4.0,,2000.0,202.0,,8.5,107.4,,,,,0.03,,,,1.5,,,21.6,30.2,,,26.6,,8.16,2025,37,0.003237702172003587,False,normal,0.4044246213148957
1013,24.884674,121.283827,2026-07-06 07:57:23,1.0,1.0428867179788925,-0.04288671797889254,Gradient Boosting,Dahan Bridge,Taoyuan County,Dasi District,Danshuei River,Dahan River,0.0004,1.0,0.001,4.1,,3700.0,209.0,0.003,8.3,101.5,0.002,0.003,0.028,0.0003,0.11,0.005,0.61,,1.0,,0.001,15.1,28.4,,0.037,25.0,0.015,7.5,2026,38,0.04288671797889254,False,normal,0.4044246213148957
1014,24.930705,121.341425,2021-01-04 14:08:16,1.5,1.342931570805801,0.15706842919419906,Gradient Boosting,Bansin Intake,New Taipei City,Yingge District,Danshuei River,Dahan River,0.0008,3.1,0.001,8.7,,360.0,263.0,0.003,10.5,108.9,0.002,0.004,0.012,0.0003,0.11,0.005,1.05,0.052,1.5,0.001,0.001,11.0,18.1,1.58,0.086,17.0,0.006,8.47,2021,39,0.15706842919419906,False,normal,0.4044246213148957
1014,24.930705,121.341425,2025-10-08 10:38:20,1.5,1.4967622978279964,0.003237702172003587,Gradient Boosting,Bansin Intake,New Taipei City,Yingge District,Danshuei River,Dahan River,,1.0,,6.0,,1700.0,228.0,,6.9,89.5,,,,,0.07,,,,1.5,,,27.4,32.8,,,28.8,,7.6,2025,40,0.003237702172003587,False,normal,0.4044246213148957
1014,24.930705,121.341425,2026-07-06 08:55:43,1.0,1.0428867179788925,-0.04288671797889254,Gradient Boosting,Bansin Intake,New Taipei City,Yingge District,Danshuei River,Dahan River,0.0005,1.0,0.001,4.3,,5900.0,204.0,0.003,7.7,98.3,0.002,0.003,0.034,0.0003,0.1,0.005,0.65,,1.0,,0.001,9.7,29.2,,0.037,27.6,0.016,7.32,2026,41,0.04288671797889254,False,normal,0.4044246213148957
1015,24.9447611,121.3532231,2021-01-04 14:55:00,1.0,1.0428867179788925,-0.04288671797889254,Gradient Boosting,Sanying Bridge,New Taipei City,Yingge District,Danshuei River,Dahan River,0.0008,1.3,0.001,11.6,,550.0,401.0,0.003,11.4,124.3,0.002,0.003,0.023,0.0003,0.1,0.005,1.5,0.02,1.0,0.001,0.001,11.2,18.4,2.06,0.095,19.2,0.008,8.04,2021,42,0.04288671797889254,False,normal,0.4044246213148957
1015,24.9447611,121.3532231,2025-10-08 11:25:16,1.0,1.0428867179788925,-0.04288671797889254,Gradient Boosting,Sanying Bridge,New Taipei City,Yingge District,Danshuei River,Dahan River,,1.0,,9.4,,130.0,284.0,,7.6,99.2,,,,,0.16,,,,1.0,,,14.0,33.0,,,28.8,,8.14,2025,43,0.04288671797889254,False,normal,0.4044246213148957
1015,24.9447611,121.3532231,2026-07-06 11:58:45,1.5,1.4967622978279964,0.003237702172003587,Gradient Boosting,Sanying Bridge,New Taipei City,Yingge District,Danshuei River,Dahan River,0.0007,1.0,0.001,4.0,,60000.0,218.0,0.003,7.7,96.7,0.002,0.003,0.048,0.0003,0.1,0.005,0.69,,1.5,,0.001,26.4,33.8,,0.04,27.6,0.013,7.72,2026,44,0.003237702172003587,False,normal,0.4044246213148957
1016,24.9950731,121.4362461,2021-01-04 10:16:12,6.25,5.862569725366394,0.3874302746336058,Gradient Boosting,Fuchou Bridge,New Taipei City,Banciao District,Danshuei River,Dahan River,0.001,5.9,0.001,17.5,28.7,410000.0,448.0,0.011,3.1,35.0,0.002,0.003,0.128,0.0003,4.06,0.012,1.99,0.228,6.25,0.001,0.001,37.6,17.8,3.24,0.564,18.2,0.032,7.29,2021,45,0.3874302746336058,False,normal,0.4044246213148957
1016,24.9950731,121.4362461,2025-10-08 07:07:00,4.0,4.153745363955465,-0.15374536395546468,Gradient Boosting,Fuchou Bridge,New Taipei City,Banciao District,Danshuei River,Dahan River,,2.9,,18.3,39.0,24000.0,550.0,,2.8,35.6,,,,,2.61,,,,4.0,,,22.1,28.8,,,29.2,,7.5,2025,46,0.15374536395546468,False,normal,0.4044246213148957
1016,24.9950731,121.4362461,2026-07-06 10:51:12,1.5,1.4967622978279964,0.003237702172003587,Gradient Boosting,Fuchou Bridge,New Taipei City,Banciao District,Danshuei River,Dahan River,0.0009,1.2,0.001,6.5,7.6,57000.0,240.0,0.004,7.0,89.9,0.002,0.003,0.061,0.0003,0.36,0.005,0.91,,1.5,,0.001,29.1,33.2,,0.146,28.2,0.018,7.62,2026,47,0.003237702172003587,False,normal,0.4044246213148957
1017,25.0328661,121.45462,2021-01-04 09:25:35,6.75,6.491826448107334,0.258173551892666,Gradient Boosting,Cinhi Bridge,New Taipei City,Banciao District,Danshuei River,Dahan River,0.0012,10.6,0.001,25.2,33.8,2200000.0,465.0,0.024,1.4,13.3,0.002,0.003,0.166,0.0003,5.74,0.025,0.12,0.354,6.75,0.001,0.001,15.8,17.6,4.88,0.708,17.3,0.027,7.18,2021,48,0.258173551892666,False,normal,0.4044246213148957
1017,25.0328661,121.45462,2025-10-08 06:23:22,6.0,5.615565720636544,0.38443427936345564,Gradient Boosting,Cinhi Bridge,New Taipei City,Banciao District,Danshuei River,Dahan River,,2.7,,19.4,154.0,200000.0,948.0,,1.7,21.6,,,,,3.35,,,,6.0,,,30.0,28.1,,,28.8,,7.47,2025,49,0.38443427936345564,False,normal,0.4044246213148957
1017,25.0328661,121.45462,2026-07-06 09:58:00,3.25,3.1519300356491367,0.09806996435086335,Gradient Boosting,Cinhi Bridge,New Taipei City,Banciao District,Danshuei River,Dahan River,0.0013,1.2,0.001,8.7,9.1,81000.0,244.0,0.008,6.4,82.2,0.002,0.003,0.1,0.0003,0.57,0.005,0.86,,3.25,,0.001,55.8,32.9,,0.146,28.6,0.026,7.62,2026,50,0.09806996435086335,False,normal,0.4044246213148957
1018,24.9563194,121.5357972,2021-01-07 11:28:00,1.0,1.0428867179788925,-0.04288671797889254,Gradient Boosting,Beetan Bridge,New Taipei City,Sindian District,Danshuei River,Sindian River,0.0003,1.0,0.001,4.0,,41000.0,84.0,0.001,10.4,105.8,0.002,0.003,0.012,0.0003,0.03,0.005,0.49,0.003,1.0,0.001,0.001,7.4,13.6,0.44,0.036,16.7,0.003,7.2,2021,51,0.04288671797889254,False,normal,0.4044246213148957
1018,24.9563194,121.5357972,2026-07-07 10:03:21,1.0,1.0428867179788925,-0.04288671797889254,Gradient Boosting,Beetan Bridge,New Taipei City,Sindian District,Danshuei River,Sindian River,0.0003,1.0,0.001,4.0,,1500.0,84.0,0.002,9.2,110.9,0.002,0.003,0.006,0.0003,0.1,0.005,0.39,,1.0,,0.001,2.1,29.1,,0.019,24.8,0.01,7.3,2026,52,0.04288671797889254,False,normal,0.4044246213148957
1018,24.9609239,121.535815,2025-10-09 11:16:02,1.5,1.6512828359245049,-0.15128283592450487,Gradient Boosting,Beetan Bridge,New Taipei City,Sindian District,Danshuei River,Sindian River,,4.0,,14.6,,130.0,152.0,,10.2,135.0,,,,,0.23,,,,1.5,,,9.1,29.3,,,29.9,,8.74,2025,53,0.15128283592450487,False,normal,0.4044246213148957
1019,25.0213069,121.5142331,2021-01-07 13:06:00,1.5,1.4967622978279964,0.003237702172003587,Gradient Boosting,Jhongjheng Bridge,New Taipei City,Yonghe District,Danshuei River,Sindian River,0.0003,1.0,0.001,4.0,4.5,49000.0,106.0,0.002,9.0,92.6,0.002,0.003,0.013,0.0003,0.18,0.005,0.65,0.023,1.5,0.001,0.001,21.6,12.6,0.71,0.096,17.1,0.005,7.42,2021,54,0.003237702172003587,False,normal,0.4044246213148957
1019,25.0213069,121.5142331,2025-10-09 07:45:00,5.0,4.7958444770695134,0.20415552293048655,Gradient Boosting,Jhongjheng Bridge,New Taipei City,Yonghe District,Danshuei River,Sindian River,,2.9,,19.2,35.7,30000.0,348.0,,1.6,20.6,,,,,1.73,,,,5.0,,,37.1,27.2,,,28.1,,7.32,2025,55,0.20415552293048655,False,normal,0.4044246213148957
1019,25.0213069,121.5142331,2026-07-07 11:34:00,1.0,1.0428867179788925,-0.04288671797889254,Gradient Boosting,Jhongjheng Bridge,New Taipei City,Yonghe District,Danshuei River,Sindian River,0.0003,1.4,0.001,4.0,6.9,210000.0,100.0,0.002,8.5,101.9,0.002,0.003,0.015,0.0003,0.38,0.005,0.49,,1.0,,0.001,4.4,28.6,,0.06,24.5,0.009,7.35,2026,56,0.04288671797889254,False,normal,0.4044246213148957
1020,25.0102131,121.49627,2021-01-07 12:42:00,1.0,1.0484030473186072,-0.04840304731860723,Gradient Boosting,Huajhong Bridge,New Taipei City,Jhonghe District,Danshuei River,Sindian River,0.0003,1.7,0.001,4.2,4.5,65000.0,110.0,0.001,9.0,92.8,0.002,0.003,0.033,0.0003,0.29,0.005,0.62,0.021,1.0,0.001,0.001,19.1,12.5,0.78,0.103,17.1,0.009,7.61,2021,57,0.04840304731860723,False,normal,0.4044246213148957
1020,25.0102131,121.49627,2025-10-09 07:21:07,5.0,4.7958444770695134,0.20415552293048655,Gradient Boosting,Huajhong Bridge,New Taipei City,Jhonghe District,Danshuei River,Sindian River,,2.8,,16.6,64.0,96000.0,444.0,,1.8,22.5,,,,,2.38,,,,5.0,,,36.9,27.6,,,28.7,,7.32,2025,58,0.20415552293048655,False,normal,0.4044246213148957
1020,25.0102131,121.49627,2026-07-07 11:10:21,2.25,2.1656351552808464,0.08436484471915362,Gradient Boosting,Huajhong Bridge,New Taipei City,Jhonghe District,Danshuei River,Sindian River,0.0003,1.4,0.001,4.0,7.1,44000.0,112.0,0.004,7.8,93.2,0.002,0.003,0.02,0.0003,1.14,0.005,0.46,,2.25,,0.001,6.2,28.7,,0.127,24.5,0.011,7.26,2026,59,0.08436484471915362,False,normal,0.4044246213148957
1021,25.034898,121.483509,2025-10-09 07:00:55,6.0,5.374269756766909,0.6257302432330913,Gradient Boosting,Huajhian Bridge,New Taipei City,Banciao District,Danshuei River,Sindian River,,2.2,,21.6,183.0,360000.0,954.0,,1.4,17.9,,,,,3.03,,,,6.0,,,32.1,27.4,,,28.3,,7.4,2025,60,0.6257302432330913,True,high,0.4044246213148957
1021,25.034898,121.483509,2026-07-07 10:50:09,1.5,1.359787277267552,0.1402127227324479,Gradient Boosting,Huajhian Bridge,New Taipei City,Banciao District,Danshuei River,Sindian River,0.0004,1.4,0.001,4.0,7.4,170000.0,110.0,0.003,7.2,88.7,0.002,0.003,0.02,0.0003,0.69,0.005,0.45,,1.5,,0.001,8.6,29.8,,0.088,25.7,0.011,7.27,2026,61,0.1402127227324479,False,normal,0.4044246213148957
1021,25.034898,121.483509,2021-01-07 12:17:00,1.5,1.3423435536195705,0.15765644638042953,Gradient Boosting,Huajhian Bridge,Taipei City,Banciao District,Danshuei River,Sindian River,0.0003,1.5,0.001,4.4,4.4,220000.0,124.0,0.001,8.3,86.0,0.002,0.003,0.022,0.0003,0.48,0.005,0.62,0.026,1.5,0.001,0.001,20.4,12.7,0.82,0.121,17.2,0.01,7.34,2021,62,0.15765644638042953,False,normal,0.4044246213148957
1022,25.0012058,121.6214397,2021-01-07 10:48:00,1.5,1.4967622978279964,0.003237702172003587,Gradient Boosting,Shenkeng Jhongjheng Bridge,New Taipei City,Shenkeng District,Danshuei River,Jingmei River,0.0003,1.0,0.001,4.0,,27000.0,107.0,0.004,9.8,97.6,0.002,0.003,0.025,0.0003,0.08,0.005,0.65,0.008,1.5,0.001,0.001,21.7,14.5,0.84,0.081,15.3,0.007,7.63,2021,63,0.003237702172003587,False,normal,0.4044246213148957
1022,25.0012058,121.6214397,2025-10-09 10:45:36,1.0,1.0428867179788925,-0.04288671797889254,Gradient Boosting,Shenkeng Jhongjheng Bridge,New Taipei City,Shenkeng District,Danshuei River,Jingmei River,,2.2,,11.3,,7600.0,234.0,,7.6,98.7,,,,,0.32,,,,1.0,,,2.8,29.8,,,28.6,,7.75,2025,64,0.04288671797889254,False,normal,0.4044246213148957
1022,25.0012058,121.6214397,2026-07-07 10:46:09,1.5,1.2878057476559477,0.21219425234405231,Gradient Boosting,Shenkeng Jhongjheng Bridge,New Taipei City,Shenkeng District,Danshuei River,Jingmei River,0.0004,2.0,0.001,6.6,,22000.0,181.0,0.005,8.1,107.2,0.002,0.003,0.011,0.0003,0.61,0.005,0.59,,1.5,,0.001,2.8,32.4,,0.094,29.8,0.036,7.76,2026,65,0.21219425234405231,False,normal,0.4044246213148957
1023,24.9920531,121.572045,2021-01-07 11:40:00,1.5,1.4967622978279964,0.003237702172003587,Gradient Boosting,Wanshou Bridge,Taipei City,Wunshan District,Danshuei River,Jingmei River,0.0003,1.6,0.001,6.3,,84000.0,127.0,0.001,9.2,91.7,0.002,0.003,0.021,0.0003,0.21,0.005,0.85,0.025,1.5,0.001,0.001,32.8,14.5,1.02,0.145,15.3,0.015,7.53,2021,66,0.003237702172003587,False,normal,0.4044246213148957
1023,24.9920531,121.572045,2025-10-09 11:35:42,2.0,2.0771651118929673,-0.07716511189296726,Gradient Boosting,Wanshou Bridge,Taipei City,Wunshan District,Danshuei River,Jingmei River,,4.7,,18.3,,4500.0,276.0,,8.0,107.6,,,,,0.6,,,,2.0,,,5.0,30.9,,,31.0,,7.61,2025,67,0.07716511189296726,False,normal,0.4044246213148957
1023,24.9920531,121.572045,2026-07-07 11:36:29,1.5,1.494722743165691,0.005277256834308908,Gradient Boosting,Wanshou Bridge,Taipei City,Wunshan District,Danshuei River,Jingmei River,0.0006,3.3,0.001,8.6,,2400.0,217.0,0.002,7.4,99.2,0.002,0.003,0.037,0.0003,0.46,0.005,1.01,,1.5,,0.001,4.1,33.6,,0.134,30.7,0.012,7.53,2026,68,0.005277256834308908,False,normal,0.4044246213148957
1024,24.9792661,121.5532681,2025-10-09 12:26:09,1.5,1.342931570805801,0.15706842919419906,Gradient Boosting,Bao Bridge,New Taipei City,Sindian District,Danshuei River,Jingmei River,,3.1,,11.4,,13000.0,268.0,,7.1,94.8,,,,,0.47,,,,1.5,,,6.6,32.0,,,30.2,,7.62,2025,69,0.15706842919419906,False,normal,0.4044246213148957
1024,24.9792661,121.5532681,2026-07-07 12:27:06,1.5,1.414631850350819,0.08536814964918094,Gradient Boosting,Bao Bridge,New Taipei City,Sindian District,Danshuei River,Jingmei River,0.0006,1.3,0.001,5.3,,5900.0,220.0,0.002,6.3,85.9,0.002,0.003,0.034,0.0003,0.22,0.005,1.17,,1.5,,0.001,6.6,34.2,,0.134,31.4,0.01,7.26,2026,70,0.08536814964918094,False,normal,0.4044246213148957
1024,24.9792661,121.5532681,2021-01-07 12:32:00,1.5,1.4967622978279964,0.003237702172003587,Gradient Boosting,Bao Bridge,Taipei City,Sindian District,Danshuei River,Jingmei River,0.0003,1.9,0.001,8.9,,69000.0,132.0,0.001,8.9,89.3,0.002,0.003,0.03,0.0003,0.27,0.005,0.96,0.033,1.5,0.001,0.001,24.4,14.0,1.08,0.139,15.6,0.012,7.37,2021,71,0.003237702172003587,False,normal,0.4044246213148957
1031,25.179209,121.582273,2021-01-04 14:06:00,1.0,1.0428867179788925,-0.04288671797889254,Gradient Boosting,Upper Huang River Bridge,New Taipei City,Jinshan District,Huang River,Huang River,0.0054,1.0,0.001,7.5,,120.0,368.0,0.009,9.6,102.7,0.002,0.003,0.05,0.0003,0.06,0.005,0.55,0.002,1.0,0.001,0.001,8.6,17.3,0.66,0.119,16.7,0.039,3.34,2021,72,0.04288671797889254,False,normal,0.4044246213148957
1031,25.179209,121.582273,2025-10-08 10:45:46,1.5,1.5949341742586043,-0.09493417425860429,Gradient Boosting,Upper Huang River Bridge,New Taipei City,Jinshan District,Huang River,Huang River,,3.6,,12.6,,10.0,2980.0,,7.7,99.0,,,,,0.1,,,,1.5,,,1.0,25.6,,,26.2,,2.4,2025,73,0.09493417425860429,False,normal,0.4044246213148957
1031,25.179209,121.582273,2026-07-06 14:20:54,1.0,1.0428867179788925,-0.04288671797889254,Gradient Boosting,Upper Huang River Bridge,New Taipei City,Jinshan District,Huang River,Huang River,0.0165,1.0,0.001,5.8,,10.0,1300.0,0.01,7.9,101.2,0.002,0.003,0.188,0.0003,0.06,0.005,0.14,,1.0,,0.001,1.5,30.1,,0.253,25.8,0.091,2.72,2026,74,0.04288671797889254,False,normal,0.4044246213148957
1032,25.226953,121.630624,2021-01-04 14:56:11,1.5,1.4967622978279964,0.003237702172003587,Gradient Boosting,Huang River Bridge,New Taipei City,Jinshan District,Huang River,Huang River,0.0012,1.2,0.001,5.0,,4300.0,136.0,0.004,9.5,100.4,0.002,0.003,0.055,0.0003,0.05,0.005,0.59,0.003,1.5,0.001,0.001,42.1,18.9,0.64,0.11,18.1,0.03,4.54,2021,75,0.003237702172003587,False,normal,0.4044246213148957
1032,25.226953,121.630624,2025-10-08 11:36:17,1.0,1.0428867179788925,-0.04288671797889254,Gradient Boosting,Huang River Bridge,New Taipei City,Jinshan District,Huang River,Huang River,,1.0,,6.1,,85.0,408.0,,8.3,109.1,,,,,0.05,,,,1.0,,,2.2,28.6,,,30.1,,3.9,2025,76,0.04288671797889254,False,normal,0.4044246213148957
1032,25.226953,121.630624,2026-07-06 14:55:24,1.0,1.0428867179788925,-0.04288671797889254,Gradient Boosting,Huang River Bridge,New Taipei City,Jinshan District,Huang River,Huang River,0.0003,1.0,0.001,4.2,,400.0,260.0,0.004,8.0,105.8,0.002,0.003,0.126,0.0003,0.06,0.005,0.44,,1.0,,0.001,1.8,29.8,,0.028,29.9,0.028,4.2,2026,77,0.04288671797889254,False,normal,0.4044246213148957
1033,25.227357,121.630912,2021-01-04 15:27:08,1.5,1.4967622978279964,0.003237702172003587,Gradient Boosting,No. 40 Bridge,New Taipei City,Jinshan District,Huang River,Huang River,0.0011,1.0,0.001,6.3,,2900.0,133.0,0.004,9.5,101.1,0.002,0.005,0.05,0.0003,0.05,0.005,0.58,0.001,1.5,0.001,0.001,33.2,19.2,0.67,0.104,18.2,0.016,4.53,2021,78,0.003237702172003587,False,normal,0.4044246213148957
1033,25.227357,121.630912,2025-10-08 12:06:22,1.5,1.494722743165691,0.005277256834308908,Gradient Boosting,No. 40 Bridge,New Taipei City,Jinshan District,Huang River,Huang River,,3.6,,8.8,,540.0,408.0,,8.2,107.6,,,,,0.05,,,,1.5,,,3.0,27.1,,,29.9,,3.9,2025,79,0.005277256834308908,False,normal,0.4044246213148957
1034,25.0317969,121.834769,2021-01-07 08:06:00,1.5,1.4967622978279964,0.003237702172003587,Gradient Boosting,Sinliaoda Bridge,New Taipei City,Shuangsi District,Shuangsi,Shuangsi,0.0003,1.0,0.001,4.0,,31000.0,58.0,0.002,10.0,102.3,0.002,0.003,0.028,0.0003,0.02,0.005,0.41,0.003,1.5,0.001,0.001,44.0,13.7,0.75,0.072,16.4,0.011,7.19,2021,80,0.003237702172003587,False,normal,0.4044246213148957
1034,25.0317969,121.834769,2025-10-09 07:55:15,1.0,1.0428867179788925,-0.04288671797889254,Gradient Boosting,Sinliaoda Bridge,New Taipei City,Shuangsi District,Shuangsi,Shuangsi,,2.1,,10.2,,3300.0,127.0,,7.5,95.3,,,,,0.24,,,,1.0,,,10.8,27.3,,,27.8,,7.39,2025,81,0.04288671797889254,False,normal,0.4044246213148957
1034,25.0317969,121.834769,2026-07-07 07:55:49,1.0,1.0428867179788925,-0.04288671797889254,Gradient Boosting,Sinliaoda Bridge,New Taipei City,Shuangsi District,Shuangsi,Shuangsi,0.0003,1.2,0.001,4.0,,35000.0,102.0,0.002,8.0,103.5,0.002,0.003,0.017,0.0003,0.19,0.005,0.17,,1.0,,0.001,1.4,27.6,,0.055,28.0,0.01,7.38,2026,82,0.04288671797889254,False,normal,0.4044246213148957
1035,25.02071,121.9095289,2021-01-07 08:52:48,2.25,2.523305249363899,-0.273305249363899,Gradient Boosting,Gongliaoda Bridge,New Taipei City,Gongliao District,Shuangsi,Shuangsi,0.0003,1.0,0.001,4.0,,46000.0,63.0,0.002,9.8,98.5,0.002,0.003,0.021,0.0003,0.02,0.005,0.44,0.004,2.25,0.001,0.001,82.3,14.2,0.98,0.075,15.7,0.007,7.02,2021,83,0.273305249363899,False,normal,0.4044246213148957
1035,25.02071,121.9095289,2025-10-09 08:45:08,1.0,1.0428867179788925,-0.04288671797889254,Gradient Boosting,Gongliaoda Bridge,New Taipei City,Gongliao District,Shuangsi,Shuangsi,,2.1,,10.3,,2800.0,140.0,,7.7,99.6,,,,,0.08,,,,1.0,,,4.2,29.3,,,28.7,,7.27,2025,84,0.04288671797889254,False,normal,0.4044246213148957
1035,25.02071,121.9095289,2026-07-07 08:46:24,1.0,1.0428867179788925,-0.04288671797889254,Gradient Boosting,Gongliaoda Bridge,New Taipei City,Gongliao District,Shuangsi,Shuangsi,0.0006,1.0,0.001,4.0,,270.0,121.0,0.002,8.0,104.8,0.002,0.005,0.019,0.0003,0.05,0.005,0.15,,1.0,,0.001,2.5,29.2,,0.026,29.5,0.01,7.28,2026,85,0.04288671797889254,False,normal,0.4044246213148957
1036,24.8241889,121.251659,2021-01-04 11:31:25,1.0,1.0428867179788925,-0.04288671797889254,Gradient Boosting,Hochih Weir,Taoyuan County,Longtan District,Danshuei River,Dahan River,0.0005,1.2,0.001,4.5,,850.0,193.0,0.001,9.6,102.4,0.002,0.003,0.006,0.0003,0.02,0.005,0.25,0.005,1.0,0.001,0.001,5.9,18.3,0.78,0.032,17.6,0.004,8.05,2021,86,0.04288671797889254,False,normal,0.4044246213148957
1036,24.8241889,121.251659,2025-10-08 08:36:23,1.5,1.3518030071340166,0.14819699286598342,Gradient Boosting,Hochih Weir,Taoyuan County,Longtan District,Danshuei River,Dahan River,,1.0,,5.3,,230.0,190.0,,6.9,86.7,,,,,0.02,,,,1.5,,,20.5,28.1,,,26.0,,7.59,2025,87,0.14819699286598342,False,normal,0.4044246213148957
1036,24.8241889,121.251659,2026-07-06 07:01:00,1.5,1.4967622978279964,0.003237702172003587,Gradient Boosting,Hochih Weir,Taoyuan County,Longtan District,Danshuei River,Dahan River,0.0007,1.0,0.001,4.0,,27000.0,226.0,0.003,7.4,90.3,0.002,0.003,0.029,0.0003,0.09,0.005,0.55,,1.5,,0.001,23.6,27.7,,0.037,24.0,0.015,7.48,2026,88,0.003237702172003587,False,normal,0.4044246213148957
1037,25.0583333,121.8199167,2021-01-04 07:44:01,1.0,1.0428867179788925,-0.04288671797889254,Gradient Boosting,Diolin Station,New Taipei City,Rueifang District,Danshuei River,Keelung River,0.0003,1.0,0.001,4.5,,30000.0,131.0,0.002,10.0,103.1,0.002,0.003,0.011,0.0003,0.02,0.005,0.54,0.006,1.0,0.001,0.001,5.6,15.8,0.76,0.041,16.8,0.005,7.02,2021,89,0.04288671797889254,False,normal,0.4044246213148957
1037,25.0583333,121.8199167,2025-10-08 09:30:26,1.0,1.0428867179788925,-0.04288671797889254,Gradient Boosting,Diolin Station,New Taipei City,Rueifang District,Danshuei River,Keelung River,,1.0,,4.0,,650.0,197.0,,7.8,101.7,,,,,0.03,,,,1.0,,,4.4,29.5,,,28.8,,8.15,2025,90,0.04288671797889254,False,normal,0.4044246213148957
1037,25.0583333,121.8199167,2026-07-06 07:27:53,1.0,1.0428867179788925,-0.04288671797889254,Gradient Boosting,Diolin Station,New Taipei City,Rueifang District,Danshuei River,Keelung River,0.0003,1.0,0.001,4.0,,27000.0,153.0,0.004,7.9,101.3,0.002,0.003,0.009,0.0003,0.05,0.005,0.26,,1.0,,0.001,1.6,27.2,,0.028,27.6,0.029,7.97,2026,91,0.04288671797889254,False,normal,0.4044246213148957
1038,25.0881539,121.82867,2021-01-04 08:19:50,1.0,1.0428867179788925,-0.04288671797889254,Gradient Boosting,Hodon Station,New Taipei City,Rueifang District,Danshuei River,Keelung River,0.0003,1.0,0.001,4.6,,7900.0,155.0,0.003,10.0,103.4,0.002,0.003,0.016,0.0003,0.05,0.005,0.65,0.003,1.0,0.001,0.001,5.2,16.1,0.84,0.044,16.7,0.013,7.02,2021,92,0.04288671797889254,False,normal,0.4044246213148957
1038,25.0881539,121.82867,2025-10-08 10:08:30,1.0,1.0428867179788925,-0.04288671797889254,Gradient Boosting,Hodon Station,New Taipei City,Rueifang District,Danshuei River,Keelung River,,1.0,,4.8,,430.0,256.0,,8.1,105.6,,,,,0.05,,,,1.0,,,3.2,28.7,,,28.7,,8.4,2025,93,0.04288671797889254,False,normal,0.4044246213148957
1038,25.0881539,121.82867,2026-07-06 08:05:00,1.0,1.0428867179788925,-0.04288671797889254,Gradient Boosting,Hodon Station,New Taipei City,Rueifang District,Danshuei River,Keelung River,0.0003,1.0,0.001,4.0,,24000.0,186.0,0.004,7.9,101.6,0.002,0.003,0.01,0.0003,0.08,0.005,0.23,,1.0,,0.001,1.4,27.4,,0.028,28.0,0.021,7.54,2026,94,0.04288671797889254,False,normal,0.4044246213148957
1039,24.9682222,121.4046111,2021-01-04 15:52:26,4.0,4.170961837585603,-0.1709618375856028,Gradient Boosting,Hocungein Intake,New Taipei City,Shulin District,Danshuei River,Dahan River,0.001,5.4,0.001,18.1,,2700.0,683.0,0.007,6.0,64.8,0.002,0.003,0.137,0.0003,2.4,0.021,4.07,0.568,4.0,0.001,0.001,18.4,18.6,4.13,0.609,19.0,0.027,7.57,2021,95,0.1709618375856028,False,normal,0.4044246213148957
1039,24.9682222,121.4046111,2025-10-08 12:56:11,2.25,2.2374551877352196,0.012544812264780436,Gradient Boosting,Hocungein Intake,New Taipei City,Shulin District,Danshuei River,Dahan River,,7.4,,21.1,,440000.0,418.0,,12.9,173.6,,,,,0.24,,,,2.25,,,11.8,33.1,,,31.0,,8.41,2025,96,0.012544812264780436,False,normal,0.4044246213148957
1039,24.9682222,121.4046111,2026-07-06 13:11:00,1.5,1.4967622978279964,0.003237702172003587,Gradient Boosting,Hocungein Intake,New Taipei City,Shulin District,Danshuei River,Dahan River,0.0009,1.0,0.001,4.0,,56000.0,230.0,0.003,7.6,101.5,0.002,0.003,0.063,0.0003,0.12,0.005,0.85,,1.5,,0.001,39.9,33.6,,0.116,30.2,0.016,7.93,2026,97,0.003237702172003587,False,normal,0.4044246213148957
1041,24.8956389,121.3737769,2021-01-04 07:27:17,1.0,1.0428867179788925,-0.04288671797889254,Gradient Boosting,SingSin Bridge,New Taipei City,Sansia District,Danshuei River,Sansia River,0.0003,1.0,0.001,6.2,,900.0,140.0,0.001,9.7,97.7,0.002,0.003,0.005,0.0003,0.02,0.005,0.63,0.004,1.0,0.001,0.001,2.0,17.8,0.55,0.035,15.5,0.003,7.74,2021,98,0.04288671797889254,False,normal,0.4044246213148957
1041,24.8956389,121.3737769,2025-10-08 13:52:15,1.0,1.0428867179788925,-0.04288671797889254,Gradient Boosting,SingSin Bridge,New Taipei City,Sansia District,Danshuei River,Sansia River,,1.0,,4.0,,200.0,172.0,,9.3,122.0,,,,,0.03,,,,1.0,,,2.6,32.1,,,29.0,,8.77,2025,99,0.04288671797889254,False,normal,0.4044246213148957
1041,24.8956389,121.3737769,2026-07-06 14:06:00,1.0,1.0428867179788925,-0.04288671797889254,Gradient Boosting,SingSin Bridge,New Taipei City,Sansia District,Danshuei River,Sansia River,0.0003,1.0,0.001,4.0,,29000.0,135.0,0.002,8.4,108.3,0.002,0.003,0.005,0.0003,0.07,0.005,0.54,,1.0,,0.001,1.9,32.7,,0.03,28.0,0.008,8.04,2026,100,0.04288671797889254,False,normal,0.4044246213148957
1042,24.934632,121.374865,2021-01-04 08:09:31,2.25,2.461393061845684,-0.21139306184568385,Gradient Boosting,Sansia Bridge,New Taipei City,Sansia District,Danshuei River,Sansia River,0.0009,2.3,0.001,13.7,,100000.0,249.0,0.001,7.3,76.4,0.002,0.003,0.06,0.0003,1.36,0.005,1.32,0.151,2.25,0.001,0.001,7.5,17.6,2.3,0.227,17.3,0.01,7.43,2021,101,0.21139306184568385,False,normal,0.4044246213148957
1042,24.934632,121.374865,2025-10-08 14:35:00,4.5,4.572350584364795,-0.07235058436479491,Gradient Boosting,Sansia Bridge,New Taipei City,Sansia District,Danshuei River,Sansia River,,7.1,,23.1,,1200000.0,312.0,,5.2,67.6,,,,,2.93,,,,4.5,,,22.2,31.8,,,29.4,,7.63,2025,102,0.07235058436479491,False,normal,0.4044246213148957
1042,24.934632,121.374865,2026-07-06 14:53:51,2.0,1.5908862065783371,0.4091137934216629,Gradient Boosting,Sansia Bridge,New Taipei City,Sansia District,Danshuei River,Sansia River,0.0006,3.4,0.001,8.6,,430000.0,191.0,0.003,7.5,99.8,0.002,0.003,0.04,0.0003,0.51,0.005,0.82,,2.0,,0.001,8.3,32.4,,0.14,29.8,0.01,7.89,2026,103,0.4091137934216629,True,high,0.4044246213148957
1045,25.018754,121.3623481,2021-01-06 08:47:43,4.5,4.592685531705534,-0.09268553170553417,Gradient Boosting,Geolooda Bridge,Taoyuan County,Gueishan District,Nankan River,Nankan River,0.0042,13.8,0.001,35.6,,45000.0,2730.0,0.019,6.9,76.2,0.002,0.003,0.042,0.0003,15.2,0.007,3.42,0.371,4.5,0.001,0.001,16.0,16.0,6.99,5.63,20.0,0.042,7.48,2021,104,0.09268553170553417,False,normal,0.4044246213148957
1045,25.018754,121.3623481,2025-10-01 08:40:31,4.5,4.598201861045249,-0.09820186104524886,Gradient Boosting,Geolooda Bridge,Taoyuan County,Gueishan District,Nankan River,Nankan River,,14.4,,38.2,,62000.0,2640.0,,6.6,85.1,,,,,16.4,,,,4.5,,,19.2,30.8,,,28.7,,7.83,2025,105,0.09820186104524886,False,normal,0.4044246213148957
1045,25.018754,121.3623481,2026-07-08 08:36:32,4.5,4.592685531705534,-0.09268553170553417,Gradient Boosting,Geolooda Bridge,Taoyuan County,Gueishan District,Nankan River,Nankan River,0.004,8.4,0.001,30.8,,31000.0,2510.0,0.013,8.6,113.4,0.002,0.003,0.061,0.0003,12.0,0.005,5.45,,4.5,,0.001,9.5,33.0,,3.42,29.0,0.04,7.69,2026,106,0.09268553170553417,False,normal,0.4044246213148957
1046,24.9970219,121.33995,2021-01-06 09:25:48,5.5,5.271142908691076,0.22885709130892362,Gradient Boosting,Gueishan Bridge,Taoyuan County,Gueishan District,Nankan River,Nankan River,0.0024,19.7,0.001,38.1,,64000.0,1560.0,0.015,6.8,70.9,0.002,0.003,0.053,0.0003,9.11,0.008,3.27,0.594,5.5,0.001,0.001,18.0,15.0,6.68,2.92,18.0,0.04,7.39,2021,107,0.22885709130892362,False,normal,0.4044246213148957
1046,24.9970219,121.33995,2025-10-01 09:16:33,6.0,5.674341539811032,0.3256584601889676,Gradient Boosting,Gueishan Bridge,Taoyuan County,Gueishan District,Nankan River,Nankan River,,18.4,,34.2,,52000.0,1850.0,,6.4,84.7,,,,,9.62,,,,6.0,,,14.4,30.3,,,28.6,,7.84,2025,108,0.3256584601889676,False,normal,0.4044246213148957
1046,24.9970219,121.33995,2026-07-08 09:20:02,3.25,3.260761894418963,-0.010761894418962914,Gradient Boosting,Gueishan Bridge,Taoyuan County,Gueishan District,Nankan River,Nankan River,0.0025,2.7,0.001,22.2,,64000.0,1650.0,0.008,9.3,123.6,0.002,0.003,0.057,0.0003,4.59,0.005,4.55,,3.25,,0.001,7.3,35.0,,2.09,30.1,0.024,7.52,2026,109,0.010761894418962914,False,normal,0.4044246213148957
1047,25.0116481,121.3091139,2021-01-06 13:13:00,6.5,6.290791905301395,0.2092080946986048,Gradient Boosting,Dakwai River Bridge,Taoyuan County,Taoyuan District,Nankan River,Nankan River,0.002,20.7,0.001,53.4,,220000.0,1290.0,0.21,5.8,61.4,0.002,0.004,0.24,0.0003,9.77,0.012,2.19,0.517,6.5,0.001,0.001,35.3,16.0,9.45,2.25,18.6,0.112,7.34,2021,110,0.2092080946986048,False,normal,0.4044246213148957
1047,25.0116481,121.3091139,2025-10-01 13:15:28,5.0,5.019527266029783,-0.019527266029783164,Gradient Boosting,Dakwai River Bridge,Taoyuan County,Taoyuan District,Nankan River,Nankan River,,7.9,,34.2,,370000.0,1560.0,,5.9,81.2,,,,,7.55,,,,5.0,,,14.4,35.8,,,32.2,,7.85,2025,111,0.019527266029783164,False,normal,0.4044246213148957
1047,25.0116481,121.3091139,2026-07-08 13:17:17,5.0,5.072877206659188,-0.07287720665918762,Gradient Boosting,Dakwai River Bridge,Taoyuan County,Taoyuan District,Nankan River,Nankan River,0.002,9.0,0.001,40.4,,570000.0,1160.0,0.032,5.2,72.1,0.002,0.003,0.112,0.0003,5.01,0.006,2.35,,5.0,,0.001,12.1,34.0,,1.64,32.1,0.037,7.55,2026,112,0.07287720665918762,False,normal,0.4044246213148957
1048,25.0557331,121.2809569,2021-01-06 13:55:00,6.0,5.808387420106666,0.19161257989333436,Gradient Boosting,Nankan River Bridge,Taoyuan County,Lujhu District,Nankan River,Nankan River,0.0007,33.3,0.001,52.9,,65000.0,870.0,0.116,7.5,79.0,0.002,0.003,0.205,0.0003,6.15,0.011,4.7,0.37,6.0,0.001,0.005,30.0,16.0,9.2,1.75,18.1,0.123,7.04,2021,113,0.19161257989333436,False,normal,0.4044246213148957
1048,25.0557331,121.2809569,2025-10-01 14:05:35,4.5,4.598201861045249,-0.09820186104524886,Gradient Boosting,Nankan River Bridge,Taoyuan County,Lujhu District,Nankan River,Nankan River,,11.8,,32.2,,40000.0,1200.0,,7.0,96.4,,,,,3.74,,,,4.5,,,19.2,35.2,,,32.7,,8.01,2025,114,0.09820186104524886,False,normal,0.4044246213148957
1048,25.0557331,121.2809569,2026-07-08 14:07:19,1.5,2.167412684430289,-0.667412684430289,Gradient Boosting,Nankan River Bridge,Taoyuan County,Lujhu District,Nankan River,Nankan River,0.0015,2.8,0.001,22.9,,16000.0,794.0,0.012,8.7,123.5,0.002,0.003,0.065,0.0003,0.84,0.007,3.86,,1.5,,0.001,7.9,36.0,,0.761,33.5,0.025,7.45,2026,115,0.667412684430289,True,low,0.4044246213148957
1049,25.1021389,121.2507778,2021-01-06 14:36:24,7.75,6.946244502608603,0.8037554973913972,Gradient Boosting,Tianliao Bridge,Taoyuan County,Dayuan District,Nankan River,Nankan River,0.002,32.5,0.001,57.2,,170000.0,1120.0,0.07,7.9,84.4,0.002,0.007,0.117,0.0003,7.51,0.015,2.86,0.447,7.75,0.001,0.001,132.0,15.0,7.64,1.51,18.3,0.045,7.28,2021,116,0.8037554973913972,True,high,0.4044246213148957
1049,25.1021389,121.2507778,2025-10-01 14:45:00,4.5,4.7371914283020295,-0.23719142830202955,Gradient Boosting,Tianliao Bridge,Taoyuan County,Dayuan District,Nankan River,Nankan River,,9.7,,29.5,,70000.0,1120.0,,5.6,77.9,,,,,2.95,,,,4.5,,,31.5,34.1,,,32.5,,7.74,2025,117,0.23719142830202955,False,normal,0.4044246213148957
1049,25.1021389,121.2507778,2026-07-08 14:48:00,2.75,3.003153121936461,-0.2531531219364611,Gradient Boosting,Tianliao Bridge,Taoyuan County,Dayuan District,Nankan River,Nankan River,0.0016,3.7,0.001,25.0,,74000.0,1030.0,0.024,7.7,107.8,0.002,0.003,0.113,0.0003,1.25,0.007,3.8,,2.75,,0.001,11.8,36.0,,1.05,33.3,0.031,7.65,2026,118,0.2531531219364611,False,normal,0.4044246213148957
1050,24.9884964,121.2837103,2021-01-06 11:26:00,5.0,5.019527266029783,-0.019527266029783164,Gradient Boosting,Hontia Bridge,Taoyuan County,Taoyuan District,Nankan River,Jiiadong River,0.0008,11.0,0.001,37.1,,180000.0,562.0,0.009,6.4,67.4,0.002,0.003,0.169,0.0003,8.23,0.011,2.81,0.359,5.0,0.001,0.001,14.5,16.0,7.73,1.38,17.3,0.032,7.27,2021,119,0.019527266029783164,False,normal,0.4044246213148957
1050,24.9884964,121.2837103,2025-10-01 11:05:21,5.75,5.639524997814461,0.11047500218553896,Gradient Boosting,Hontia Bridge,Taoyuan County,Taoyuan District,Nankan River,Jiiadong River,,6.7,,33.5,,230000.0,629.0,,4.2,55.8,,,,,8.61,,,,5.75,,,14.5,34.5,,,29.6,,7.58,2025,120,0.11047500218553896,False,normal,0.4044246213148957
1050,24.9884964,121.2837103,2026-07-08 11:06:03,2.25,2.571615315406589,-0.32161531540658883,Gradient Boosting,Hontia Bridge,Taoyuan County,Taoyuan District,Nankan River,Jiiadong River,0.0012,2.5,0.001,24.2,,98000.0,466.0,0.007,7.8,102.7,0.002,0.003,0.126,0.0003,2.51,0.01,3.42,,2.25,,0.001,10.6,35.0,,0.788,30.4,0.02,7.26,2026,121,0.32161531540658883,False,normal,0.4044246213148957
1051,25.0097311,121.2826431,2021-01-06 13:09:00,5.5,5.560520866181228,-0.06052086618122843,Gradient Boosting,Singein Bridge,Taoyuan County,Taoyuan District,Nankan River,Jiiadong River,0.0008,10.5,0.001,38.5,,91000.0,531.0,0.007,5.4,56.7,0.002,0.004,0.134,0.0003,10.3,0.009,1.41,0.335,5.5,0.001,0.001,22.0,16.0,8.19,1.43,17.3,0.035,7.57,2021,122,0.06052086618122843,False,normal,0.4044246213148957
1051,25.0097311,121.2826431,2025-10-01 13:05:33,5.75,5.639524997814461,0.11047500218553896,Gradient Boosting,Singein Bridge,Taoyuan County,Taoyuan District,Nankan River,Jiiadong River,,11.9,,31.6,,440000.0,474.0,,4.0,54.1,,,,,7.25,,,,5.75,,,17.9,33.0,,,30.6,,7.27,2025,123,0.11047500218553896,False,normal,0.4044246213148957
1051,25.0097311,121.2826431,2026-07-08 13:38:51,5.0,4.5522390693200565,0.4477609306799435,Gradient Boosting,Singein Bridge,Taoyuan County,Taoyuan District,Nankan River,Jiiadong River,0.0016,5.3,0.001,26.5,,310000.0,435.0,0.005,5.6,76.8,0.002,0.003,0.13,0.0003,3.02,0.009,2.49,,5.0,,0.001,16.9,33.0,,0.83,31.9,0.02,7.63,2026,124,0.4477609306799435,True,high,0.4044246213148957
1052,25.0343333,121.2775278,2021-01-06 13:49:49,5.0,5.331880944808908,-0.3318809448089084,Gradient Boosting,Jiadong River Bridge,Taoyuan County,Lujhu District,Nankan River,Jiiadong River,0.0007,13.5,0.001,41.1,,45000.0,676.0,0.008,5.1,53.6,0.002,0.003,0.148,0.0003,9.53,0.009,2.21,0.498,5.0,0.001,0.001,14.8,17.0,10.1,1.32,17.7,0.023,7.58,2021,125,0.3318809448089084,False,normal,0.4044246213148957
1052,25.0343333,121.2775278,2025-10-01 13:50:13,5.5,5.434276677519803,0.06572332248019741,Gradient Boosting,Jiadong River Bridge,Taoyuan County,Lujhu District,Nankan River,Jiiadong River,,10.3,,37.2,,32000.0,673.0,,5.4,74.8,,,,,5.74,,,,5.5,,,37.5,33.0,,,32.0,,7.4,2025,126,0.06572332248019741,False,normal,0.4044246213148957
1052,25.0343333,121.2775278,2026-07-08 14:11:54,3.5,3.859586513348872,-0.35958651334887204,Gradient Boosting,Jiadong River Bridge,Taoyuan County,Lujhu District,Nankan River,Jiiadong River,0.0012,9.2,0.001,31.4,,16000.0,583.0,0.006,7.4,104.4,0.002,0.003,0.076,0.0003,2.32,0.011,2.71,,3.5,,0.001,9.5,33.0,,0.753,33.2,0.015,7.72,2026,127,0.35958651334887204,False,normal,0.4044246213148957
1053,24.87427,121.2132911,2021-01-06 07:02:41,5.75,5.639524997814461,0.11047500218553896,Gradient Boosting,Meidooli Bridge,Taoyuan County,Longtan District,Laojiie River,Laojiie River,0.0005,7.0,0.001,26.4,,480000.0,424.0,0.002,4.4,45.6,0.002,0.003,0.042,0.0003,11.2,0.005,2.14,0.251,5.75,0.001,0.001,5.7,15.0,6.39,1.5,16.3,0.025,7.21,2021,128,0.11047500218553896,False,normal,0.4044246213148957
1053,24.87427,121.2132911,2025-10-01 08:04:43,8.0,7.50814552863461,0.4918544713653903,Gradient Boosting,Meidooli Bridge,Taoyuan County,Longtan District,Laojiie River,Laojiie River,,23.5,,63.6,,620000.0,340.0,,4.3,53.9,,,,,3.59,,,,8.0,,,77.8,27.0,,,26.2,,6.85,2025,129,0.4918544713653903,True,high,0.4044246213148957
1053,24.87427,121.2132911,2026-07-08 08:00:39,3.75,3.9024432363614605,-0.1524432363614605,Gradient Boosting,Meidooli Bridge,Taoyuan County,Longtan District,Laojiie River,Laojiie River,0.0012,3.0,0.001,16.4,,220000.0,320.0,0.004,5.0,64.9,0.002,0.003,0.128,0.0003,6.58,0.005,1.17,,3.75,,0.001,15.1,27.0,,1.01,27.2,0.018,7.04,2026,130,0.1524432363614605,False,normal,0.4044246213148957
1054,24.9248289,121.2124419,2021-01-06 10:47:00,3.5,3.792516559429248,-0.2925165594292478,Gradient Boosting,Peishih Bridge,Taoyuan County,Pingjhen Dstrict,Laojiie River,Laojiie River,0.0005,9.4,0.001,21.8,,580000.0,580.0,0.008,7.4,76.6,0.002,0.003,0.072,0.0003,2.87,0.009,4.25,0.315,3.5,0.001,0.001,7.8,16.0,5.4,0.574,16.3,0.015,7.32,2021,131,0.2925165594292478,False,normal,0.4044246213148957
1054,24.9248289,121.2124419,2025-10-01 09:26:39,4.25,4.365221525267194,-0.1152215252671942,Gradient Boosting,Peishih Bridge,Taoyuan County,Pingjhen Dstrict,Laojiie River,Laojiie River,,3.4,,21.7,,380000.0,698.0,,5.1,65.6,,,,,3.3,,,,4.25,,,7.4,32.0,,,27.9,,7.39,2025,132,0.1152215252671942,False,normal,0.4044246213148957
1054,24.9248289,121.2124419,2026-07-08 11:19:59,2.25,2.461393061845684,-0.21139306184568385,Gradient Boosting,Peishih Bridge,Taoyuan County,Pingjhen Dstrict,Laojiie River,Laojiie River,0.0009,2.1,0.001,13.0,,110000.0,656.0,0.024,7.1,95.2,0.002,0.003,0.202,0.0003,1.67,0.007,2.91,,2.25,,0.001,9.2,31.0,,0.296,29.7,0.019,7.52,2026,133,0.21139306184568385,False,normal,0.4044246213148957
1055,24.9433769,121.210095,2021-01-06 11:36:00,5.0,4.839686734236574,0.16031326576342586,Gradient Boosting,Songwu,Taoyuan County,Pingjhen Dstrict,Laojiie River,Laojiie River,0.0036,9.8,0.001,39.5,,190000.0,1070.0,0.047,7.8,80.5,0.002,0.003,0.147,0.0003,4.74,0.013,6.39,0.46,5.0,0.001,0.001,21.4,15.0,8.75,2.96,16.3,0.16,7.56,2021,134,0.16031326576342586,False,normal,0.4044246213148957
1055,24.9433769,121.210095,2025-10-01 10:07:47,5.5,5.399288018049118,0.10071198195088193,Gradient Boosting,Songwu,Taoyuan County,Pingjhen Dstrict,Laojiie River,Laojiie River,,8.2,,29.4,,62000.0,1280.0,,6.0,78.8,,,,,4.59,,,,5.5,,,24.8,33.0,,,29.0,,7.48,2025,135,0.10071198195088193,False,normal,0.4044246213148957
1055,24.9433769,121.210095,2026-07-08 11:59:32,2.25,2.571615315406589,-0.32161531540658883,Gradient Boosting,Songwu,Taoyuan County,Pingjhen Dstrict,Laojiie River,Laojiie River,0.0012,3.0,0.001,20.8,,120000.0,814.0,0.023,7.1,96.8,0.002,0.003,0.131,0.0003,1.86,0.01,2.9,,2.25,,0.001,9.5,32.0,,1.27,31.6,0.05,7.82,2026,136,0.32161531540658883,False,normal,0.4044246213148957
1056,25.0049556,121.2093447,2021-01-06 14:59:30,5.0,4.839686734236574,0.16031326576342586,Gradient Boosting,Shinpoo Bridge,Taoyuan County,Jhongli Dstrict,Laojiie River,Laojiie River,0.0026,8.7,0.001,28.2,,71000.0,1050.0,0.04,7.9,83.8,0.002,0.006,0.116,0.0003,5.08,0.009,4.79,0.377,5.0,0.001,0.001,22.2,15.0,6.93,1.77,17.6,0.061,7.56,2021,137,0.16031326576342586,False,normal,0.4044246213148957
1056,25.0049556,121.2093447,2025-10-01 14:31:27,4.0,4.102944958127322,-0.1029449581273223,Gradient Boosting,Shinpoo Bridge,Taoyuan County,Jhongli Dstrict,Laojiie River,Laojiie River,,6.0,,21.2,,5500.0,668.0,,7.0,96.4,,,,,2.9,,,,4.0,,,37.9,33.0,,,31.6,,7.82,2025,138,0.1029449581273223,False,normal,0.4044246213148957
1056,25.0049556,121.2093447,2026-07-08 15:07:14,1.0,1.253320402632711,-0.25332040263271094,Gradient Boosting,Shinpoo Bridge,Taoyuan County,Jhongli Dstrict,Laojiie River,Laojiie River,0.0019,2.0,0.001,19.7,,4500.0,846.0,0.018,9.9,141.4,0.002,0.003,0.044,0.0003,0.2,0.006,3.39,,1.0,,0.001,6.5,32.0,,0.832,33.6,0.033,8.72,2026,139,0.25332040263271094,False,normal,0.4044246213148957
1057,25.0637581,121.1963969,2021-01-06 15:47:29,3.5,3.859586513348872,-0.35958651334887204,Gradient Boosting,Jhongjheng Bridge,Taoyuan County,Dayuan District,Laojiie River,Laojiie River,0.0018,10.7,0.001,28.2,,59000.0,894.0,0.022,6.7,69.0,0.002,0.004,0.077,0.0003,2.36,0.007,6.2,0.454,3.5,0.001,0.001,15.6,16.0,6.8,1.58,16.4,0.05,7.4,2021,140,0.35958651334887204,False,normal,0.4044246213148957
1057,25.0637581,121.1963969,2025-10-01 15:19:11,2.5,2.7190046138363475,-0.2190046138363475,Gradient Boosting,Jhongjheng Bridge,Taoyuan County,Dayuan District,Laojiie River,Laojiie River,,4.1,,21.6,,19000.0,527.0,,8.6,119.8,,,,,0.75,,,,2.5,,,20.4,32.0,,,33.2,,8.66,2025,141,0.2190046138363475,False,normal,0.4044246213148957
1057,25.0637581,121.1963969,2026-07-08 15:48:00,1.0,1.253320402632711,-0.25332040263271094,Gradient Boosting,Jhongjheng Bridge,Taoyuan County,Dayuan District,Laojiie River,Laojiie River,0.0019,2.7,0.001,20.6,,5000.0,538.0,0.012,9.5,136.4,0.002,0.003,0.066,0.0003,0.29,0.005,2.05,,1.0,,0.001,15.1,32.0,,0.575,34.5,0.013,9.58,2026,142,0.25332040263271094,False,normal,0.4044246213148957
1058,25.0774436,121.1776119,2021-01-06 09:39:00,3.5,3.859586513348872,-0.35958651334887204,Gradient Boosting,Shiutsugan No.1,Taoyuan County,Dayuan District,Laojiie River,Laojiie River,0.0016,11.3,0.001,26.4,149.0,90000.0,1450.0,0.02,7.4,75.5,0.002,0.003,0.096,0.0003,2.91,0.01,5.66,0.419,3.5,0.001,0.001,14.6,16.0,6.79,2.12,16.6,0.053,7.39,2021,143,0.35958651334887204,False,normal,0.4044246213148957
1058,25.0774436,121.1776119,2025-10-01 11:19:43,2.0,1.777986066479748,0.222013933520252,Gradient Boosting,Shiutsugan No.1,Taoyuan County,Dayuan District,Laojiie River,Laojiie River,,3.1,,20.2,105.0,16000.0,797.0,,8.1,109.6,,,,,0.64,,,,2.0,,,15.4,33.0,,,31.5,,7.65,2025,144,0.222013933520252,False,normal,0.4044246213148957
1058,25.0774436,121.1776119,2026-07-08 10:11:59,1.0,1.253320402632711,-0.25332040263271094,Gradient Boosting,Shiutsugan No.1,Taoyuan County,Dayuan District,Laojiie River,Laojiie River,0.0016,2.3,0.001,31.4,77.4,28000.0,1040.0,0.017,10.1,136.8,0.002,0.003,0.091,0.0003,0.45,0.012,2.43,,1.0,,0.001,10.8,31.0,,0.816,31.2,0.03,8.32,2026,145,0.25332040263271094,False,normal,0.4044246213148957
1059,24.8945556,121.1558889,2021-01-06 08:57:06,1.0,1.0428867179788925,-0.04288671797889254,Gradient Boosting,Yunin no. 1 Bridge,Taoyuan County,Yangmei District,Shezih River,Shezih River,0.0008,1.7,0.001,9.3,,5600.0,270.0,0.001,9.3,94.8,0.002,0.003,0.046,0.0003,0.37,0.005,3.52,0.142,1.0,0.001,0.001,2.1,16.0,2.66,0.157,15.4,0.007,7.51,2021,146,0.04288671797889254,False,normal,0.4044246213148957
1059,24.8945556,121.1558889,2026-07-08 09:44:18,1.0,1.0428867179788925,-0.04288671797889254,Gradient Boosting,Yunin no. 1 Bridge,Taoyuan County,Yangmei District,Shezih River,Shezih River,0.0012,1.1,0.001,9.2,,23000.0,206.0,0.003,8.1,104.5,0.002,0.003,0.053,0.0003,0.05,0.005,1.71,,1.0,,0.001,2.4,29.0,,0.204,27.0,0.007,7.56,2026,147,0.04288671797889254,False,normal,0.4044246213148957
1059,24.8944722,121.1559722,2025-10-01 08:57:05,1.0,1.0428867179788925,-0.04288671797889254,Gradient Boosting,Yunin no. 1 Bridge,Taoyuan County,Yangmei District,Shezih River,Shezih River,,1.1,,9.4,,16000.0,256.0,,7.2,88.7,,,,,0.15,,,,1.0,,,7.3,28.0,,,26.2,,7.23,2025,148,0.04288671797889254,False,normal,0.4044246213148957
1060,24.918755,121.1462769,2021-01-06 09:36:00,4.5,4.592685531705534,-0.09268553170553417,Gradient Boosting,Yuemei Bridge,Taoyuan County,Yangmei District,Shezih River,Shezih River,0.0054,11.0,0.001,29.7,,72000.0,526.0,0.009,7.3,75.3,0.002,0.003,0.078,0.0003,8.74,0.019,1.13,0.304,4.5,0.001,0.001,8.9,16.0,6.96,0.973,16.4,0.034,7.54,2021,149,0.09268553170553417,False,normal,0.4044246213148957
1060,24.918755,121.1462769,2025-10-01 09:36:48,5.0,4.952457312110159,0.04754268788984106,Gradient Boosting,Yuemei Bridge,Taoyuan County,Yangmei District,Shezih River,Shezih River,,14.8,,25.0,,29000.0,1480.0,,5.6,73.7,,,,,12.6,,,,5.0,,,11.9,29.0,,,29.1,,7.62,2025,150,0.04754268788984106,False,normal,0.4044246213148957
1060,24.918755,121.1462769,2026-07-08 10:21:41,5.0,4.952457312110159,0.04754268788984106,Gradient Boosting,Yuemei Bridge,Taoyuan County,Yangmei District,Shezih River,Shezih River,0.0017,5.6,0.001,19.2,,90000.0,1150.0,0.019,5.9,79.5,0.002,0.003,0.222,0.0003,5.88,0.005,1.0,,5.0,,0.001,10.2,32.0,,0.714,30.4,0.022,7.56,2026,151,0.04754268788984106,False,normal,0.4044246213148957
1061,24.93579,121.1237411,2021-01-06 10:17:00,5.0,5.019527266029783,-0.019527266029783164,Gradient Boosting,Laofandian Bridge,Taoyuan County,Yangmei District,Shezih River,Shezih River,0.001,10.6,0.001,29.6,,27000.0,721.0,0.007,6.1,64.3,0.002,0.003,0.116,0.0003,5.09,0.01,1.45,0.268,5.0,0.001,0.001,13.0,16.0,6.76,0.71,17.5,0.027,7.58,2021,152,0.019527266029783164,False,normal,0.4044246213148957
1061,24.93579,121.1237411,2025-10-01 10:16:18,5.0,4.972446283724869,0.027553716275130924,Gradient Boosting,Laofandian Bridge,Taoyuan County,Yangmei District,Shezih River,Shezih River,,8.6,,31.7,,42000.0,1200.0,,7.2,98.6,,,,,4.79,,,,5.0,,,23.3,31.0,,,31.6,,7.78,2025,153,0.027553716275130924,False,normal,0.4044246213148957
1061,24.93579,121.1237411,2026-07-08 11:09:00,3.75,3.6654615640521526,0.08453843594784738,Gradient Boosting,Laofandian Bridge,Taoyuan County,Yangmei District,Shezih River,Shezih River,0.0019,4.8,0.001,31.5,,180000.0,932.0,0.02,8.5,117.7,0.002,0.003,0.149,0.0003,3.05,0.005,1.59,,3.75,,0.001,16.2,34.0,,1.01,32.0,0.019,7.89,2026,154,0.08453843594784738,False,normal,0.4044246213148957
1062,24.9608469,121.0940469,2021-01-06 10:58:28,4.5,4.493411643436057,0.006588356563942632,Gradient Boosting,Shezih Bridge,Taoyuan County,Sinwu District,Shezih River,Shezih River,0.0015,16.1,0.001,40.9,,33000.0,525.0,0.006,8.8,88.8,0.002,0.003,0.158,0.0003,2.46,0.008,3.55,0.561,4.5,0.001,0.001,9.8,17.0,5.97,0.559,15.8,0.017,7.65,2021,155,0.006588356563942632,False,normal,0.4044246213148957
1062,24.9608469,121.0940469,2025-10-01 10:56:31,1.0,1.253320402632711,-0.25332040263271094,Gradient Boosting,Shezih Bridge,Taoyuan County,Sinwu District,Shezih River,Shezih River,,2.3,,22.7,,2800.0,731.0,,8.9,120.6,,,,,0.3,,,,1.0,,,9.9,33.0,,,31.3,,8.04,2025,156,0.25332040263271094,False,normal,0.4044246213148957
1062,24.9608469,121.0940469,2026-07-08 11:42:49,3.25,3.001244424197544,0.248755575802456,Gradient Boosting,Shezih Bridge,Taoyuan County,Sinwu District,Shezih River,Shezih River,0.0021,19.7,0.001,45.8,,60000.0,916.0,0.015,7.2,99.7,0.002,0.003,0.047,0.0003,0.39,0.005,2.98,,3.25,,0.001,9.0,37.0,,0.63,32.0,0.018,7.98,2026,157,0.248755575802456,False,normal,0.4044246213148957
1063,24.9829919,121.0273061,2021-01-06 14:27:55,6.25,6.086399504696623,0.16360049530337673,Gradient Boosting,Bendzugon Bridge,Taoyuan County,Sinwu District,Shezih River,Shezih River,0.0013,13.7,0.001,102.0,,140000.0,2130.0,0.009,2.9,32.3,0.002,0.003,0.236,0.0003,3.1,0.023,0.16,0.055,6.25,0.001,0.001,23.3,17.0,28.0,1.19,21.6,0.034,8.05,2021,158,0.16360049530337673,False,normal,0.4044246213148957
1063,24.9829919,121.0273061,2025-10-01 14:26:42,9.0,8.38805628674965,0.6119437132503496,Gradient Boosting,Bendzugon Bridge,Taoyuan County,Sinwu District,Shezih River,Shezih River,,20.8,,87.5,,290000.0,1650.0,,1.2,15.8,,,,,3.21,,,,9.0,,,59.5,33.0,,,34.8,,7.94,2025,159,0.6119437132503496,True,high,0.4044246213148957
1063,24.9829919,121.0273061,2026-07-08 15:11:36,4.75,4.861927953780015,-0.11192795378001463,Gradient Boosting,Bendzugon Bridge,Taoyuan County,Sinwu District,Shezih River,Shezih River,0.0031,7.0,0.001,80.8,,76000.0,1240.0,0.005,3.0,42.5,0.002,0.003,0.169,0.0003,1.18,0.005,2.23,,4.75,,0.001,17.3,38.0,,0.914,35.2,0.016,7.83,2026,160,0.11192795378001463,False,normal,0.4044246213148957
1064,24.9439439,121.0881331,2021-01-06 11:26:00,4.0,4.170014912046946,-0.17001491204694563,Gradient Boosting,Yuanben Bridge,Taoyuan County,Yangmei District,Fusing River,Fusing River,0.0013,11.4,0.001,40.7,,87000.0,550.0,0.008,9.8,100.3,0.002,0.003,0.1,0.0003,2.28,0.015,2.27,0.276,4.0,0.001,0.001,24.7,17.0,7.82,0.67,16.1,0.022,7.92,2021,161,0.17001491204694563,False,normal,0.4044246213148957
1064,24.9439439,121.0881331,2025-10-01 11:26:24,1.5,1.558881584799334,-0.05888158479933403,Gradient Boosting,Yuanben Bridge,Taoyuan County,Yangmei District,Fusing River,Fusing River,,3.1,,25.2,,14000.0,526.0,,8.4,115.7,,,,,0.2,,,,1.5,,,17.9,35.0,,,31.8,,7.9,2025,162,0.05888158479933403,False,normal,0.4044246213148957
1064,24.9439439,121.0881331,2026-07-08 12:13:07,1.0,1.1994468107377063,-0.19944681073770631,Gradient Boosting,Yuanben Bridge,Taoyuan County,Yangmei District,Fusing River,Fusing River,0.0017,1.5,0.001,16.0,,60000.0,380.0,0.006,9.9,140.7,0.002,0.003,0.046,0.0003,0.06,0.005,1.21,,1.0,,0.001,7.2,38.0,,0.248,33.7,0.007,8.85,2026,163,0.19944681073770631,False,normal,0.4044246213148957
1065,24.9434461,121.0459569,2021-01-06 12:57:00,3.75,3.736252140293126,0.013747859706874088,Gradient Boosting,Sinhoo Bridge,Taoyuan County,Sinwu District,Fusing River,Fusing River,0.0014,4.2,0.001,23.2,,1900.0,548.0,0.005,8.3,85.1,0.002,0.003,0.305,0.0003,4.1,0.006,0.27,0.058,3.75,0.001,0.001,3.8,15.0,6.96,0.718,16.5,0.009,7.46,2021,164,0.013747859706874088,False,normal,0.4044246213148957
1065,24.9434461,121.0459569,2025-10-01 12:56:17,2.75,3.003153121936461,-0.2531531219364611,Gradient Boosting,Sinhoo Bridge,Taoyuan County,Sinwu District,Fusing River,Fusing River,,4.5,,24.2,,18000.0,472.0,,6.6,90.3,,,,,1.41,,,,2.75,,,10.0,34.0,,,32.2,,7.57,2025,165,0.2531531219364611,False,normal,0.4044246213148957
1065,24.9434461,121.0459569,2026-07-08 13:43:09,1.5,1.4982394323097659,0.0017605676902341383,Gradient Boosting,Sinhoo Bridge,Taoyuan County,Sinwu District,Fusing River,Fusing River,0.0029,2.7,0.001,20.6,,15000.0,446.0,0.005,7.7,110.0,0.002,0.003,0.127,0.0003,0.68,0.005,0.42,,1.5,,0.001,6.0,37.0,,0.538,34.2,0.006,8.13,2026,166,0.0017605676902341383,False,normal,0.4044246213148957
1066,24.9399011,121.002716,2021-01-06 13:38:00,3.5,3.792516559429248,-0.2925165594292478,Gradient Boosting,Shenkeng Bridge,Hsinchu County,Sinfong Township,Fusing River,Fusing River,0.0013,6.3,0.001,22.2,,7000.0,597.0,0.005,7.0,70.8,0.002,0.003,0.081,0.0003,1.61,0.01,3.85,0.372,3.5,0.001,0.001,12.3,17.0,5.9,1.07,16.2,0.018,7.55,2021,167,0.2925165594292478,False,normal,0.4044246213148957
1066,24.9399011,121.002716,2025-10-01 13:36:19,2.0,2.8121028520956335,-0.8121028520956335,Gradient Boosting,Shenkeng Bridge,Hsinchu County,Sinfong Township,Fusing River,Fusing River,,3.0,,22.6,,2400.0,515.0,,5.7,77.8,,,,,0.98,,,,2.0,,,10.5,34.0,,,32.6,,7.63,2025,168,0.8121028520956335,True,low,0.4044246213148957
1066,24.9399011,121.002716,2026-07-08 14:24:00,2.25,2.571615315406589,-0.32161531540658883,Gradient Boosting,Shenkeng Bridge,Hsinchu County,Sinfong Township,Fusing River,Fusing River,0.0021,2.3,0.001,19.3,,11000.0,431.0,0.005,8.4,117.7,0.002,0.003,0.073,0.0003,1.53,0.005,0.54,,2.25,,0.001,6.4,37.0,,0.552,33.4,0.012,8.17,2026,169,0.32161531540658883,False,normal,0.4044246213148957
1067,24.7299069,120.9643811,2021-01-07 14:56:30,1.0,1.1430981490718057,-0.14309814907180574,Gradient Boosting,Sincheng Bridge,Hsinchu County,Baoshan Township,Yangang River,Yangang River,0.0033,1.6,0.001,12.2,,20000.0,715.0,0.002,6.9,68.4,0.002,0.009,0.043,0.0003,0.2,0.006,0.7,0.032,1.0,0.001,0.001,4.0,15.0,3.64,0.148,15.3,0.025,7.59,2021,170,0.14309814907180574,False,normal,0.4044246213148957
1067,24.7299069,120.9643811,2025-10-02 13:56:13,4.0,3.9527722603383886,0.04722773966161142,Gradient Boosting,Sincheng Bridge,Hsinchu County,Baoshan Township,Yangang River,Yangang River,,5.7,,19.5,,40000.0,728.0,,6.4,87.2,,,,,0.17,,,,4.0,,,70.2,33.9,,,30.7,,7.95,2025,171,0.04722773966161142,False,normal,0.4044246213148957
1067,24.7299069,120.9643811,2026-07-16 13:35:20,1.5,1.4967622978279964,0.003237702172003587,Gradient Boosting,Sincheng Bridge,Hsinchu County,Baoshan Township,Yangang River,Yangang River,0.0046,1.5,0.001,10.2,,41000.0,619.0,0.004,7.1,94.6,0.002,0.003,0.251,0.0003,0.15,0.005,1.18,,1.5,,0.001,25.4,32.0,,0.173,30.3,0.01,7.7,2026,172,0.003237702172003587,False,normal,0.4044246213148957
1068,24.729975,120.917134,2021-01-07 15:36:00,2.0,1.9107566784686116,0.08924332153138836,Gradient Boosting,Jhongai Bridge,Hsinchu City,Siangshan District,Yangang River,Yangang River,0.0027,3.3,0.001,15.5,,58000.0,661.0,0.003,8.0,80.7,0.002,0.008,0.098,0.0003,0.34,0.005,1.38,0.089,2.0,0.001,0.001,22.0,15.0,4.05,0.201,15.5,0.014,7.57,2021,173,0.08924332153138836,False,normal,0.4044246213148957
1068,24.729975,120.917134,2025-10-02 14:35:35,1.0,1.1994468107377063,-0.19944681073770631,Gradient Boosting,Jhongai Bridge,Hsinchu City,Siangshan District,Yangang River,Yangang River,,2.7,,15.9,,29000.0,569.0,,6.9,92.7,,,,,0.19,,,,1.0,,,15.4,33.6,,,30.5,,7.71,2025,174,0.19944681073770631,False,normal,0.4044246213148957
1068,24.729975,120.917134,2026-07-16 14:18:42,1.5,1.4967622978279964,0.003237702172003587,Gradient Boosting,Jhongai Bridge,Hsinchu City,Siangshan District,Yangang River,Yangang River,0.0044,1.6,0.001,11.5,,65000.0,637.0,0.004,7.0,100.1,0.002,0.003,0.165,0.0003,0.19,0.005,1.04,,1.5,,0.001,22.1,31.0,,0.121,33.9,0.016,7.88,2026,175,0.003237702172003587,False,normal,0.4044246213148957
1069,24.7408219,120.906295,2021-01-07 10:45:00,5.5,5.560520866181228,-0.06052086618122843,Gradient Boosting,Chenren Bridge,Hsinchu City,Siangshan District,Yangang River,Yangang River,0.0023,6.8,0.001,30.1,804.0,210000.0,3720.0,0.005,5.0,50.2,0.002,0.008,0.115,0.0003,4.02,0.012,1.74,0.223,5.5,0.001,0.001,21.3,16.0,5.5,0.434,15.5,0.102,7.39,2021,176,0.06052086618122843,False,normal,0.4044246213148957
1069,24.7408219,120.906295,2025-10-02 13:05:41,2.75,3.0554861211251265,-0.3054861211251265,Gradient Boosting,Chenren Bridge,Hsinchu City,Siangshan District,Yangang River,Yangang River,,2.3,,20.6,104.0,240000.0,807.0,,6.3,85.8,,,,,2.38,,,,2.75,,,16.6,34.8,,,31.3,,7.75,2025,177,0.3054861211251265,False,normal,0.4044246213148957
1069,24.7408219,120.906295,2026-07-16 07:00:12,3.75,3.7569737169396062,-0.006973716939606245,Gradient Boosting,Chenren Bridge,Hsinchu City,Siangshan District,Yangang River,Yangang River,0.0039,4.1,0.001,22.5,662.0,41000.0,2750.0,0.006,5.6,72.9,0.002,0.003,0.251,0.0003,1.6,0.005,1.02,,3.75,,0.001,41.3,30.0,,0.31,29.3,0.042,7.72,2026,178,0.006973716939606245,False,normal,0.4044246213148957
1070,24.785555,121.1756531,2021-01-07 07:55:23,1.0,1.0428867179788925,-0.04288671797889254,Gradient Boosting,Doochunda Bridge,Hsinchu County,Guansi Township,Fongshan River,Fongshan River,0.0006,1.6,0.001,8.0,,9500.0,390.0,0.002,8.1,82.0,0.002,0.003,0.045,0.0003,0.41,0.005,0.99,0.062,1.0,0.001,0.001,6.5,17.0,2.19,0.167,15.8,0.028,7.28,2021,179,0.04288671797889254,False,normal,0.4044246213148957
1070,24.785555,121.1756531,2025-10-02 07:27:04,1.5,1.4663513643368211,0.03364863566317888,Gradient Boosting,Doochunda Bridge,Hsinchu County,Guansi Township,Fongshan River,Fongshan River,,1.0,,5.8,,42000.0,396.0,,5.6,73.1,,,,,0.13,,,,1.5,,,6.3,26.2,,,27.3,,7.88,2025,180,0.03364863566317888,False,normal,0.4044246213148957
1070,24.785555,121.1756531,2026-07-16 08:05:59,1.0,1.0428867179788925,-0.04288671797889254,Gradient Boosting,Doochunda Bridge,Hsinchu County,Guansi Township,Fongshan River,Fongshan River,0.0006,1.1,0.001,4.0,,18000.0,318.0,0.003,8.0,100.9,0.002,0.003,0.037,0.0003,0.1,0.005,0.9,,1.0,,0.001,9.9,31.0,,0.038,26.4,0.014,8.03,2026,181,0.04288671797889254,False,normal,0.4044246213148957
1071,24.8256811,121.0656869,2021-01-07 08:46:38,1.0,1.0428867179788925,-0.04288671797889254,Gradient Boosting,Sinpooda Bridge,Hsinchu County,Sinpu Township,Fongshan River,Fongshan River,0.001,2.5,0.001,10.6,,30000.0,385.0,0.002,9.7,96.8,0.002,0.003,0.042,0.0003,0.49,0.005,1.81,0.059,1.0,0.001,0.001,6.1,16.0,2.51,0.392,15.4,0.015,7.35,2021,182,0.04288671797889254,False,normal,0.4044246213148957
1071,24.8256811,121.0656869,2025-10-02 08:25:56,1.5,1.5258336261382865,-0.025833626138286547,Gradient Boosting,Sinpooda Bridge,Hsinchu County,Sinpu Township,Fongshan River,Fongshan River,,1.4,,13.0,,23000.0,362.0,,8.6,111.8,,,,,0.11,,,,1.5,,,25.8,28.2,,,27.8,,7.92,2025,183,0.025833626138286547,False,normal,0.4044246213148957
1071,24.8256811,121.0656869,2026-07-16 08:56:38,1.0,1.0428867179788925,-0.04288671797889254,Gradient Boosting,Sinpooda Bridge,Hsinchu County,Sinpu Township,Fongshan River,Fongshan River,0.0003,1.3,0.001,5.5,,30000.0,238.0,0.004,8.0,101.1,0.002,0.004,0.058,0.0003,0.15,0.005,1.25,,1.0,,0.001,13.1,29.0,,0.146,27.3,0.015,7.12,2026,184,0.04288671797889254,False,normal,0.4044246213148957
1072,24.852576,121.0048019,2021-01-07 09:20:00,3.5,3.401925333707265,0.0980746662927352,Gradient Boosting,Fongshan River Bridge,Hsinchu County,Jhubei City,Fongshan River,Fongshan River,0.0012,7.7,0.001,24.3,,29000.0,476.0,0.002,9.5,93.5,0.002,0.008,0.053,0.0003,1.07,0.005,2.25,0.122,3.5,0.001,0.001,8.2,13.0,6.16,0.77,14.9,0.049,7.85,2021,185,0.0980746662927352,False,normal,0.4044246213148957
1072,24.852576,121.0048019,2025-10-02 09:01:15,1.0,1.0428867179788925,-0.04288671797889254,Gradient Boosting,Fongshan River Bridge,Hsinchu County,Jhubei City,Fongshan River,Fongshan River,,1.2,,9.3,,4600.0,465.0,,8.5,110.0,,,,,0.18,,,,1.0,,,7.1,32.0,,,28.4,,7.83,2025,186,0.04288671797889254,False,normal,0.4044246213148957
1072,24.852576,121.0048019,2026-07-16 09:23:55,1.5,1.3423435536195705,0.15765644638042953,Gradient Boosting,Fongshan River Bridge,Hsinchu County,Jhubei City,Fongshan River,Fongshan River,0.0007,1.1,0.001,4.0,,36000.0,258.0,0.003,8.0,101.2,0.002,0.003,0.077,0.0003,0.26,0.005,1.26,,1.5,,0.001,20.3,31.0,,0.151,27.2,0.005,7.9,2026,187,0.15765644638042953,False,normal,0.4044246213148957
1073,24.85725,120.9423611,2021-01-07 11:37:00,3.5,3.1088408847725755,0.3911591152274245,Gradient Boosting,Fonggonda Bridge,Hsinchu County,Jhubei City,Fongshan River,Fongshan River,0.0025,2.5,0.001,11.5,7200.0,97000.0,23400.0,0.007,7.2,74.5,0.002,0.003,0.066,0.0003,1.98,0.005,1.32,0.12,3.5,0.001,0.001,60.4,12.0,1.22,0.4,15.1,0.039,7.74,2021,188,0.3911591152274245,False,normal,0.4044246213148957
1073,24.85725,120.9423611,2025-10-02 12:26:14,4.0,3.7388133714262946,0.26118662857370545,Gradient Boosting,Fonggonda Bridge,Hsinchu County,Jhubei City,Fongshan River,Fongshan River,,2.5,,15.0,7880.0,620000.0,20600.0,,5.5,79.6,,,,,1.89,,,,4.0,,,50.0,34.0,,,31.5,,7.53,2025,189,0.26118662857370545,False,normal,0.4044246213148957
1073,24.85725,120.9423611,2026-07-16 06:31:32,3.5,3.60924715766665,-0.10924715766664983,Gradient Boosting,Fonggonda Bridge,Hsinchu County,Jhubei City,Fongshan River,Fongshan River,0.0007,7.2,0.001,15.8,47.5,49000.0,414.0,0.006,7.4,93.5,0.002,0.004,0.172,0.0003,0.25,0.005,1.22,,3.5,,0.001,82.2,28.0,,0.247,26.8,0.014,7.66,2026,190,0.10924715766664983,False,normal,0.4044246213148957
1075,24.869096,120.9955531,2021-01-07 13:10:00,6.0,6.1084231623758845,-0.10842316237588445,Gradient Boosting,Shanchee Bridge,Hsinchu County,Sinfong Township,Sinfong River,Jiiadong River,0.0438,85.8,0.001,139.0,,230000.0,5640.0,0.095,5.2,56.4,0.002,0.006,1.96,0.0003,5.92,0.196,10.1,1.2,6.0,0.001,0.001,12.8,14.0,33.4,7.08,19.5,0.081,7.09,2021,191,0.10842316237588445,False,normal,0.4044246213148957
1075,24.869096,120.9955531,2025-10-02 10:28:44,5.75,5.524274547649557,0.22572545235044306,Gradient Boosting,Shanchee Bridge,Hsinchu County,Sinfong Township,Sinfong River,Jiiadong River,,6.4,,35.3,,840000.0,4770.0,,4.4,60.4,,,,,8.61,,,,5.75,,,19.0,33.0,,,30.5,,7.48,2025,192,0.22572545235044306,False,normal,0.4044246213148957
1075,24.869096,120.9955531,2026-07-16 10:32:59,5.75,5.639524997814461,0.11047500218553896,Gradient Boosting,Shanchee Bridge,Hsinchu County,Sinfong Township,Sinfong River,Jiiadong River,0.0244,12.3,0.001,39.8,,620000.0,3100.0,0.14,3.6,48.6,0.002,0.003,0.454,0.0003,5.38,0.038,4.18,,5.75,,0.001,15.5,31.0,,5.17,30.6,0.026,7.26,2026,193,0.11047500218553896,False,normal,0.4044246213148957
1077,24.887735,120.9864669,2021-01-07 15:38:00,4.5,4.592685531705534,-0.09268553170553417,Gradient Boosting,Siangbee Bridge,Hsinchu County,Sinfong Township,Sinfong River,Jiiadong River,0.0332,10.0,0.001,35.9,,71000.0,4060.0,0.041,7.6,78.6,0.002,0.004,1.03,0.0003,6.64,0.073,6.81,1.06,4.5,0.001,0.001,14.0,14.0,7.27,4.44,16.8,0.047,7.51,2021,194,0.09268553170553417,False,normal,0.4044246213148957
1077,24.887735,120.9864669,2025-10-02 15:37:35,4.25,4.136846421685419,0.11315357831458073,Gradient Boosting,Siangbee Bridge,Hsinchu County,Sinfong Township,Sinfong River,Jiiadong River,,3.1,,29.5,,25000.0,3860.0,,6.2,85.5,,,,,8.79,,,,4.25,,,11.1,30.0,,,32.2,,7.76,2025,195,0.11315357831458073,False,normal,0.4044246213148957
1077,24.887735,120.9864669,2026-07-16 13:42:29,3.75,3.8836400133464544,-0.13364001334645437,Gradient Boosting,Siangbee Bridge,Hsinchu County,Sinfong Township,Sinfong River,Jiiadong River,0.0194,4.8,0.001,23.7,,33000.0,2250.0,0.035,6.6,92.0,0.002,0.003,0.248,0.0003,5.38,0.026,2.94,,3.75,,0.001,6.0,32.0,,3.15,32.1,0.017,7.73,2026,196,0.13364001334645437,False,normal,0.4044246213148957
1079,24.9089675,120.9719536,2021-01-07 10:48:00,3.75,3.7417684696328406,0.008231530367159401,Gradient Boosting,Honmoa Harbor,Hsinchu County,Sinfong Township,Sinfong River,Jiiadong River,0.0114,3.5,0.001,17.1,5860.0,140000.0,19600.0,0.044,7.5,76.6,0.002,0.003,0.352,0.0003,3.66,0.052,4.09,0.644,3.75,0.001,0.001,19.4,13.0,2.92,1.82,15.5,0.023,7.72,2021,197,0.008231530367159401,False,normal,0.4044246213148957
1079,24.9089675,120.9719536,2025-10-02 13:18:22,4.25,3.853486555667904,0.3965134443320961,Gradient Boosting,Honmoa Harbor,Hsinchu County,Sinfong Township,Sinfong River,Jiiadong River,,2.1,,16.4,9860.0,26000.0,24200.0,,5.8,83.0,,,,,3.01,,,,4.25,,,32.4,32.0,,,31.8,,7.74,2025,198,0.3965134443320961,False,normal,0.4044246213148957
1079,24.9089675,120.9719536,2026-07-16 07:16:10,3.25,3.478547469218308,-0.22854746921830804,Gradient Boosting,Honmoa Harbor,Hsinchu County,Sinfong Township,Sinfong River,Jiiadong River,0.0024,3.6,0.001,15.6,2440.0,19000.0,7500.0,0.016,5.8,76.2,0.002,0.003,0.132,0.0003,1.38,0.01,1.63,,3.25,,0.001,15.8,28.0,,0.987,28.4,0.013,7.47,2026,199,0.22854746921830804,False,normal,0.4044246213148957
1080,24.7476839,121.0935961,2021-01-07 12:50:00,1.0,1.0428867179788925,-0.04288671797889254,Gradient Boosting,Jhulinda Bridge,Hsinchu County,Jhudong Township,Toucian River,Toucian River,0.0003,1.0,0.001,4.0,,90.0,349.0,0.002,10.3,110.9,0.002,0.003,0.01,0.0003,0.13,0.005,0.55,0.002,1.0,0.001,0.001,1.0,15.0,0.59,0.02,17.5,0.006,8.14,2021,200,0.04288671797889254,False,normal,0.4044246213148957
1080,24.7476839,121.0935961,2025-10-02 12:47:59,1.0,1.0428867179788925,-0.04288671797889254,Gradient Boosting,Jhulinda Bridge,Hsinchu County,Jhudong Township,Toucian River,Toucian River,,1.0,,4.0,,150.0,295.0,,9.0,118.5,,,,,0.02,,,,1.0,,,5.0,34.0,,,29.6,,8.19,2025,201,0.04288671797889254,False,normal,0.4044246213148957
1080,24.7476839,121.0935961,2026-07-16 12:48:29,1.0,1.1994468107377063,-0.19944681073770631,Gradient Boosting,Jhulinda Bridge,Hsinchu County,Jhudong Township,Toucian River,Toucian River,0.0058,1.0,0.001,16.4,,3500.0,251.0,0.014,7.9,102.8,0.002,0.016,0.328,0.0003,0.11,0.018,0.77,,1.0,,0.001,,32.0,,0.136,28.1,0.064,8.07,2026,202,0.19944681073770631,False,normal,0.4044246213148957
1081,24.785688,121.0576161,2025-10-02 13:26:36,1.0,1.0428867179788925,-0.04288671797889254,Gradient Boosting,Jhongjhengda Bridge,Hsinchu County,Jhudong Township,Toucian River,Toucian River,,1.0,,4.2,,200.0,302.0,,8.3,109.4,,,,,0.02,,,,1.0,,,3.6,33.0,,,29.6,,8.32,2025,203,0.04288671797889254,False,normal,0.4044246213148957
1081,24.7752778,121.0630833,2021-01-07 13:27:00,1.0,1.0428867179788925,-0.04288671797889254,Gradient Boosting,Jhongjhengda Bridge,Hsinchu County,Jhudong Township,Toucian River,Toucian River,0.0003,1.0,0.001,4.0,,2000.0,340.0,0.001,10.6,107.1,0.002,0.003,0.005,0.0003,0.21,0.005,0.4,0.002,1.0,0.001,0.001,1.1,15.0,0.74,0.014,15.7,0.005,8.47,2021,204,0.04288671797889254,False,normal,0.4044246213148957
1081,24.7752778,121.0630833,2026-07-16 13:36:20,1.0,1.253320402632711,-0.25332040263271094,Gradient Boosting,Jhongjhengda Bridge,Hsinchu County,Jhudong Township,Toucian River,Toucian River,0.0047,1.0,0.001,19.0,,6900.0,254.0,0.015,8.1,104.7,0.002,0.018,0.312,0.0003,0.08,0.021,0.82,,1.0,,0.001,,32.0,,0.14,28.1,0.068,8.1,2026,205,0.25332040263271094,False,normal,0.4044246213148957
1082,24.822895,120.99701,2021-01-07 14:08:00,1.5,1.6512828359245049,-0.15128283592450487,Gradient Boosting,Toucian River Bridge,Hsinchu City,East District,Toucian River,Toucian River,0.0005,4.5,0.001,15.9,,450.0,425.0,0.002,12.8,124.6,0.002,0.003,0.028,0.0003,0.1,0.005,1.18,0.069,1.5,0.001,0.001,13.7,15.0,2.39,0.112,14.3,0.007,8.8,2021,206,0.15128283592450487,False,normal,0.4044246213148957
1082,24.822895,120.99701,2025-10-02 14:06:11,1.5,1.494722743165691,0.005277256834308908,Gradient Boosting,Toucian River Bridge,Hsinchu City,East District,Toucian River,Toucian River,,4.4,,10.6,,700.0,392.0,,11.1,152.1,,,,,0.04,,,,1.5,,,10.1,32.0,,,32.3,,8.66,2025,207,0.005277256834308908,False,normal,0.4044246213148957
1082,24.822895,120.99701,2026-07-16 14:30:55,3.25,3.3499007493975634,-0.09990074939756344,Gradient Boosting,Toucian River Bridge,Hsinchu City,East District,Toucian River,Toucian River,0.0105,1.0,0.001,22.0,,17000.0,263.0,0.027,8.0,105.1,0.002,0.028,0.474,0.0003,0.09,0.036,0.82,,3.25,,0.001,739.0,32.0,,0.148,29.8,0.12,8.16,2026,208,0.09990074939756344,False,normal,0.4044246213148957
1083,24.8250911,120.9792961,2021-01-07 15:17:00,1.0,1.0428867179788925,-0.04288671797889254,Gradient Boosting,Sichiuda Bridge,Hsinchu City,North District,Toucian River,Toucian River,0.0003,1.3,0.001,6.0,,2800.0,460.0,0.002,10.2,107.3,0.002,0.007,0.027,0.0003,0.2,0.007,1.71,0.059,1.0,0.001,0.001,7.0,15.0,1.27,0.084,17.4,0.01,7.28,2021,209,0.04288671797889254,False,normal,0.4044246213148957
1083,24.8250911,120.9792961,2025-10-02 15:09:09,1.0,1.0428867179788925,-0.04288671797889254,Gradient Boosting,Sichiuda Bridge,Hsinchu City,North District,Toucian River,Toucian River,,1.0,,4.0,,2000.0,481.0,,7.7,99.8,,,,,0.04,,,,1.0,,,4.7,32.0,,,28.6,,7.03,2025,210,0.04288671797889254,False,normal,0.4044246213148957
1083,24.8250911,120.9792961,2026-07-16 15:59:10,3.25,3.3499007493975634,-0.09990074939756344,Gradient Boosting,Sichiuda Bridge,Hsinchu City,North District,Toucian River,Toucian River,0.0052,1.0,0.001,17.7,,27000.0,282.0,0.016,7.8,100.9,0.002,0.018,0.361,0.0003,0.09,0.022,0.84,,3.25,,0.001,738.0,32.0,,0.14,27.6,0.07,7.95,2026,211,0.09990074939756344,False,normal,0.4044246213148957
1084,24.702032,121.1832389,2021-01-07 10:56:00,1.0,1.0428867179788925,-0.04288671797889254,Gradient Boosting,Neiwun Suspension Bridge,Hsinchu County,Hengshan Township,Toucian River,Toucian River,0.0003,1.0,0.001,4.0,,240.0,282.0,0.001,9.9,103.2,0.002,0.003,0.005,0.0003,0.14,0.005,0.49,0.002,1.0,0.001,0.001,1.1,16.0,0.55,0.026,16.2,0.008,8.33,2021,212,0.04288671797889254,False,normal,0.4044246213148957
1084,24.702032,121.1832389,2025-10-02 11:06:00,1.0,1.0428867179788925,-0.04288671797889254,Gradient Boosting,Neiwun Suspension Bridge,Hsinchu County,Hengshan Township,Toucian River,Youluo River,,1.0,,4.0,,150.0,227.0,,8.6,110.1,,,,,0.02,,,,1.0,,,2.5,34.0,,,27.1,,8.57,2025,213,0.04288671797889254,False,normal,0.4044246213148957
1084,24.702032,121.1832389,2026-07-16 11:10:00,1.0,1.0428867179788925,-0.04288671797889254,Gradient Boosting,Neiwun Suspension Bridge,Hsinchu County,Hengshan Township,Toucian River,Youluo River,0.0016,1.0,0.001,5.0,,3200.0,190.0,0.007,8.5,106.8,0.002,0.006,0.09,0.0003,0.04,0.006,0.7,,1.0,,0.001,,30.0,,0.18,25.7,0.022,8.08,2026,214,0.04288671797889254,False,normal,0.4044246213148957
1085,24.66806,121.119079,2025-10-02 08:57:15,1.0,1.0428867179788925,-0.04288671797889254,Gradient Boosting,Wanfonda Bridge,Hsinchu County,Hengshan Township,Toucian River,Shangping River,,1.0,,4.0,,300.0,324.0,,8.9,110.2,,,,,0.02,,,,1.0,,,3.6,29.0,,,25.3,,8.26,2025,215,0.04288671797889254,False,normal,0.4044246213148957
1085,24.66806,121.119079,2026-07-16 08:57:56,1.0,1.253320402632711,-0.25332040263271094,Gradient Boosting,Wanfonda Bridge,Hsinchu County,Hengshan Township,Toucian River,Shangping River,0.0098,1.0,0.001,28.5,,1400.0,281.0,0.016,8.8,107.9,0.002,0.022,0.56,0.0003,0.07,0.017,0.79,,1.0,,0.001,,27.0,,0.214,24.4,0.074,8.14,2026,216,0.25332040263271094,False,normal,0.4044246213148957
1085,24.66806,121.119079,2021-01-07 08:58:37,1.0,1.0428867179788925,-0.04288671797889254,Gradient Boosting,Wanfonda Bridge,Hsinchu County,Hengshan Township,Toucian River,Toucian River,0.0003,1.0,0.001,4.0,,300.0,384.0,0.001,10.1,103.0,0.002,0.003,0.005,0.0003,0.08,0.005,0.34,0.002,1.0,0.001,0.001,1.8,15.0,0.53,0.017,15.1,0.006,8.3,2021,217,0.04288671797889254,False,normal,0.4044246213148957
1086,24.6900186,121.103045,2025-10-02 09:36:41,1.0,1.0428867179788925,-0.04288671797889254,Gradient Boosting,Paosan Reservoir water Intake,Hsinchu County,Jhudong Township,Toucian River,Shangping River,,1.0,,4.0,,2000.0,327.0,,9.0,110.4,,,,,0.02,,,,1.0,,,2.5,31.0,,,25.5,,8.18,2025,218,0.04288671797889254,False,normal,0.4044246213148957
1086,24.6900186,121.103045,2026-07-16 09:39:37,1.0,1.253320402632711,-0.25332040263271094,Gradient Boosting,Paosan Reservoir water Intake,Hsinchu County,Jhudong Township,Toucian River,Shangping River,0.0078,1.0,0.001,25.9,,18000.0,279.0,0.017,8.8,107.2,0.002,0.022,0.477,0.0003,0.06,0.022,0.79,,1.0,,0.001,,29.0,,0.408,24.6,0.082,8.11,2026,219,0.25332040263271094,False,normal,0.4044246213148957
1086,24.6900186,121.103045,2021-01-07 09:38:00,1.0,1.0428867179788925,-0.04288671797889254,Gradient Boosting,Paosan Reservoir water Intake,Hsinchu County,Jhudong Township,Toucian River,Toucian River,0.0003,1.0,0.001,4.0,,170.0,396.0,0.002,9.8,98.8,0.002,0.003,0.014,0.0003,0.16,0.005,0.31,0.002,1.0,0.001,0.001,1.0,15.0,0.73,0.038,15.0,0.004,8.08,2021,220,0.04288671797889254,False,normal,0.4044246213148957
1087,24.722675,121.1032939,2025-10-02 10:16:07,1.0,1.0428867179788925,-0.04288671797889254,Gradient Boosting,Jhudongda Bridge,Hsinchu County,Jhudong Township,Toucian River,Shangping River,,1.0,,4.0,,1200.0,364.0,,9.2,117.5,,,,,0.03,,,,1.0,,,2.5,33.0,,,27.5,,7.78,2025,221,0.04288671797889254,False,normal,0.4044246213148957
1087,24.722675,121.1032939,2026-07-16 10:26:00,1.0,1.253320402632711,-0.25332040263271094,Gradient Boosting,Jhudongda Bridge,Hsinchu County,Jhudong Township,Toucian River,Shangping River,0.0116,1.0,0.001,34.8,,1000.0,284.0,0.034,8.6,106.3,0.002,0.023,0.696,0.0003,0.09,0.021,0.78,,1.0,,0.001,,29.0,,0.269,25.0,0.113,8.05,2026,222,0.25332040263271094,False,normal,0.4044246213148957
1088,24.7756528,120.9698056,2021-01-07 11:50:17,3.75,3.623517364102265,0.12648263589773512,Gradient Boosting,Chintsao Lake,Hsinchu City,East District,Keya River,Keya River,0.0034,3.0,0.001,15.9,,53000.0,575.0,0.002,6.9,69.2,0.002,0.008,0.078,0.0003,4.01,0.006,1.35,0.195,3.75,0.001,0.001,24.3,15.0,3.57,0.406,15.5,0.04,7.4,2021,223,0.12648263589773512,False,normal,0.4044246213148957
1088,24.7756528,120.9698056,2025-10-02 10:05:08,2.0,2.5989504909601613,-0.5989504909601613,Gradient Boosting,Chintsao Lake,Hsinchu City,East District,Keya River,Keya River,,4.4,,20.8,,1000.0,534.0,,12.4,167.2,,,,,0.87,,,,2.0,,,13.0,30.3,,,31.5,,8.31,2025,224,0.5989504909601613,True,low,0.4044246213148957
1088,24.7756528,120.9698056,2026-07-16 10:35:30,2.5,2.306749306837223,0.19325069316277688,Gradient Boosting,Chintsao Lake,Hsinchu City,East District,Keya River,Keya River,0.0031,1.7,0.001,10.7,,16000.0,506.0,0.004,5.2,69.9,0.002,0.003,0.185,0.0003,0.56,0.005,1.28,,2.5,,0.001,31.6,33.0,,0.238,30.6,0.01,7.71,2026,225,0.19325069316277688,False,normal,0.4044246213148957
1089,24.7967361,120.9588139,2021-01-07 13:17:00,5.5,5.399288018049118,0.10071198195088193,Gradient Boosting,Keya River Bridge,Hsinchu City,North District,Keya River,Keya River,0.0088,8.2,0.001,26.1,,370000.0,2660.0,0.015,6.0,65.6,0.002,0.008,0.07,0.0003,10.1,0.036,6.95,0.39,5.5,0.001,0.001,22.7,15.0,4.86,9.47,20.1,0.047,7.16,2021,226,0.10071198195088193,False,normal,0.4044246213148957
1089,24.7967361,120.9588139,2025-10-02 10:45:39,3.75,3.956316828256464,-0.20631682825646402,Gradient Boosting,Keya River Bridge,Hsinchu City,North District,Keya River,Keya River,,2.4,,19.8,,420000.0,3240.0,,5.0,65.0,,,,,7.95,,,,3.75,,,8.1,30.8,,,28.9,,7.2,2025,227,0.20631682825646402,False,normal,0.4044246213148957
1089,24.7967361,120.9588139,2026-07-16 11:16:11,5.5,5.332218064129494,0.16778193587050616,Gradient Boosting,Keya River Bridge,Hsinchu City,North District,Keya River,Keya River,0.0025,5.8,0.001,18.9,,180000.0,2080.0,0.01,6.2,84.4,0.002,0.003,0.108,0.0003,4.98,0.006,5.46,,5.5,,0.001,22.5,33.0,,2.08,31.1,0.02,7.45,2026,228,0.16778193587050616,False,normal,0.4044246213148957
1090,24.8032281,120.9253569,2021-01-07 14:06:00,5.5,5.437023754696994,0.06297624530300627,Gradient Boosting,Siangya Bridge,Hsinchu City,Siangshan District,Keya River,Keya River,0.0059,6.7,0.001,25.3,,87000.0,2220.0,0.015,5.8,61.7,0.002,0.006,0.066,0.0003,9.26,0.036,5.4,0.409,5.5,0.001,0.001,26.3,15.0,5.14,7.4,18.5,0.02,7.3,2021,229,0.06297624530300627,False,normal,0.4044246213148957
1090,24.8032281,120.9253569,2025-10-02 11:35:41,4.5,4.52561557778591,-0.02561557778590995,Gradient Boosting,Siangya Bridge,Hsinchu City,Siangshan District,Keya River,Keya River,,5.9,,23.4,,45000.0,2620.0,,7.8,104.4,,,,,7.37,,,,4.5,,,13.1,32.8,,,30.3,,7.61,2025,230,0.02561557778590995,False,normal,0.4044246213148957
1090,24.8032281,120.9253569,2026-07-16 12:46:42,4.25,4.271036408809691,-0.0210364088096906,Gradient Boosting,Siangya Bridge,Hsinchu City,Siangshan District,Keya River,Keya River,0.0031,3.7,0.001,19.2,,36000.0,2480.0,0.009,6.2,83.6,0.002,0.003,0.101,0.0003,4.27,0.005,13.0,,4.25,,0.001,20.0,32.0,,5.07,31.3,0.02,7.54,2026,231,0.0210364088096906,False,normal,0.4044246213148957
1092,24.6618981,120.9591131,2021-01-06 14:20:00,3.25,2.945428117005927,0.3045718829940731,Gradient Boosting,Sanwanda Bridge,Miaoli County,Sanwan Township,Jhonggang River,Jhonggang River,0.0005,18.0,0.001,30.6,,1500.0,522.0,0.001,9.2,96.7,0.002,0.003,0.011,0.0003,0.42,0.005,0.8,0.058,3.25,0.001,0.001,3.0,17.5,7.54,0.118,17.6,0.008,8.04,2021,232,0.3045718829940731,False,normal,0.4044246213148957
1092,24.6618981,120.9591131,2025-10-16 08:40:00,1.0,1.0428867179788925,-0.04288671797889254,Gradient Boosting,Sanwanda Bridge,Miaoli County,Sanwan Township,Jhonggang River,Jhonggang River,,1.0,,4.6,,1200.0,360.0,,9.1,115.4,,,,,0.04,,,,1.0,,,2.2,27.2,,,27.4,,8.16,2025,233,0.04288671797889254,False,normal,0.4044246213148957
1092,24.6618981,120.9591131,2026-07-03 10:20:00,1.0,1.0428867179788925,-0.04288671797889254,Gradient Boosting,Sanwanda Bridge,Miaoli County,Sanwan Township,Jhonggang River,Jhonggang River,0.0003,1.0,0.001,4.0,,700.0,220.0,0.001,8.7,109.4,0.002,0.003,0.008,0.0003,0.02,0.005,0.75,,1.0,,0.001,9.5,30.0,,0.049,27.2,0.006,8.41,2026,234,0.04288671797889254,False,normal,0.4044246213148957
1093,24.6758869,120.9492131,2021-01-06 15:10:00,1.0,1.0428867179788925,-0.04288671797889254,Gradient Boosting,Pinanda Bridge,Miaoli County,Sanwan Township,Jhonggang River,Jhonggang River,0.0005,1.0,0.001,4.0,,700.0,486.0,0.002,9.6,102.4,0.002,0.003,0.02,0.0003,0.08,0.005,0.42,0.006,1.0,0.001,0.001,2.3,17.4,0.93,0.018,18.4,0.012,7.72,2021,235,0.04288671797889254,False,normal,0.4044246213148957
1093,24.6758869,120.9492131,2025-10-16 09:40:00,1.0,1.0428867179788925,-0.04288671797889254,Gradient Boosting,Pinanda Bridge,Miaoli County,Sanwan Township,Jhonggang River,Jhonggang River,,1.0,,5.1,,400.0,350.0,,8.0,105.8,,,,,0.04,,,,1.0,,,3.4,29.3,,,30.2,,8.06,2025,236,0.04288671797889254,False,normal,0.4044246213148957
1093,24.6758869,120.9492131,2026-07-03 11:30:00,1.0,1.0428867179788925,-0.04288671797889254,Gradient Boosting,Pinanda Bridge,Miaoli County,Sanwan Township,Jhonggang River,Jhonggang River,0.0006,1.0,0.001,4.8,,1700.0,226.0,0.001,8.5,108.2,0.002,0.003,0.016,0.0003,0.04,0.005,0.79,,1.0,,0.001,12.2,34.0,,0.078,27.5,0.005,8.27,2026,237,0.04288671797889254,False,normal,0.4044246213148957
1094,24.6805519,120.9079069,2021-01-06 16:00:00,1.0,1.0428867179788925,-0.04288671797889254,Gradient Boosting,Dongcin Bridge,Miaoli County,Toufen Township,Jhonggang River,Jhonggang River,0.0005,2.1,0.001,10.4,,1200.0,497.0,0.001,9.7,100.4,0.002,0.003,0.062,0.0003,0.11,0.005,0.86,0.025,1.0,0.001,0.001,3.6,17.2,1.99,0.058,16.7,0.016,8.02,2021,238,0.04288671797889254,False,normal,0.4044246213148957
1094,24.6805519,120.9079069,2025-10-16 10:40:00,1.0,1.0428867179788925,-0.04288671797889254,Gradient Boosting,Dongcin Bridge,Miaoli County,Toufen Township,Jhonggang River,Jhonggang River,,1.0,,4.6,,850.0,430.0,,7.5,99.7,,,,,0.1,,,,1.0,,,2.4,31.1,,,30.6,,7.88,2025,239,0.04288671797889254,False,normal,0.4044246213148957
1094,24.6805519,120.9079069,2026-07-03 14:00:00,1.0,1.0428867179788925,-0.04288671797889254,Gradient Boosting,Dongcin Bridge,Miaoli County,Toufen Township,Jhonggang River,Jhonggang River,0.0006,1.0,0.001,4.8,,1400.0,228.0,0.001,9.4,122.0,0.002,0.003,0.014,0.0003,0.02,0.005,0.74,,1.0,,0.001,11.6,32.0,,0.055,28.8,0.006,8.5,2026,240,0.04288671797889254,False,normal,0.4044246213148957
1095,24.666946,120.8817,2021-01-06 09:20:00,6.25,5.737902296861585,0.5120977031384149,Gradient Boosting,Jhonggang River Bridge,Miaoli County,Toufen Township,Jhonggang River,Jhonggang River,0.002,5.4,0.001,14.4,7080.0,12000.0,25000.0,0.001,4.1,48.4,0.002,0.003,0.088,0.0003,3.17,0.005,1.56,0.148,6.25,0.001,0.001,22.6,18.3,2.01,1.06,17.3,0.277,7.68,2021,241,0.5120977031384149,True,high,0.4044246213148957
1095,24.666946,120.8817,2025-10-16 12:40:00,2.75,2.8441285389121633,-0.09412853891216333,Gradient Boosting,Jhonggang River Bridge,Miaoli County,Toufen Township,Jhonggang River,Jhonggang River,,1.2,,13.3,571.0,50000.0,2320.0,,6.9,95.0,,,,,1.31,,,,2.75,,,27.3,32.3,,,31.8,,7.84,2025,242,0.09412853891216333,False,normal,0.4044246213148957
1095,24.666946,120.8817,2026-07-03 06:33:00,3.75,3.528666733965706,0.22133326603429415,Gradient Boosting,Jhonggang River Bridge,Miaoli County,Toufen Township,Jhonggang River,Jhonggang River,0.001,16.4,0.001,26.1,1.8,13000.0,218.0,0.002,8.2,99.6,0.002,0.003,0.037,0.0003,0.04,0.005,0.84,,3.75,,0.001,47.2,27.0,,0.086,25.6,0.012,7.93,2026,243,0.22133326603429415,False,normal,0.4044246213148957
1096,24.6558989,120.867851,2021-01-06 09:30:00,6.75,6.459538124667837,0.29046187533216283,Gradient Boosting,Nangang River Bridge,Miaoli County,Zaociao Township,Jhonggang River,Nangang River,0.003,38.6,0.001,99.3,7640.0,58000.0,23400.0,0.001,2.5,28.4,0.002,0.003,0.191,0.0003,34.6,0.005,0.01,0.007,6.75,0.001,0.001,11.6,17.0,24.7,2.04,17.0,0.02,7.92,2021,244,0.29046187533216283,False,normal,0.4044246213148957
1096,24.6558989,120.867851,2025-10-16 13:00:00,4.25,4.2451300429036225,0.004869957096377497,Gradient Boosting,Nangang River Bridge,Miaoli County,Zaociao Township,Jhonggang River,Nangang River,,3.0,,32.4,4800.0,75000.0,11900.0,,6.1,86.5,,,,,16.8,,,,4.25,,,36.2,32.7,,,32.4,,7.96,2025,245,0.004869957096377497,False,normal,0.4044246213148957
1096,24.6558989,120.867851,2026-07-03 07:10:00,2.0,2.061830277160168,-0.0618302771601682,Gradient Boosting,Nangang River Bridge,Miaoli County,Zaociao Township,Jhonggang River,Nangang River,0.0024,1.0,0.001,9.6,18.1,6000.0,457.0,0.005,5.3,68.6,0.002,0.003,0.076,0.0003,0.27,0.005,0.69,,2.0,,0.001,27.4,28.1,,0.167,28.7,0.054,7.88,2026,246,0.0618302771601682,False,normal,0.4044246213148957
1097,24.53644,120.8159169,2021-01-06 11:40:00,1.0,1.0428867179788925,-0.04288671797889254,Gradient Boosting,Gueishan Bridge,Miaoli County,Gongguan Township,Houlong River,Houlong River,0.0008,1.0,0.001,4.0,,950.0,632.0,0.002,8.6,91.8,0.002,0.003,0.041,0.0003,0.12,0.005,0.65,0.012,1.0,0.001,0.001,6.4,18.0,1.08,0.046,18.1,0.014,8.15,2021,247,0.04288671797889254,False,normal,0.4044246213148957
1097,24.53644,120.8159169,2026-07-02 08:30:00,1.0,1.0428867179788925,-0.04288671797889254,Gradient Boosting,Gueishan Bridge,Miaoli County,Gongguan Township,Houlong River,Houlong River,0.0003,1.0,0.001,4.0,,3000.0,370.0,0.001,8.5,106.0,0.002,0.003,0.006,0.0003,0.02,0.005,1.24,,1.0,,0.001,4.0,29.0,,0.14,26.4,0.006,8.38,2026,248,0.04288671797889254,False,normal,0.4044246213148957
1098,24.56125,120.8394444,2021-01-06 13:30:00,1.0,1.0428867179788925,-0.04288671797889254,Gradient Boosting,Yuqing Bridge,Miaoli County,Touwu Township,Houlong River,Houlong River,0.0004,1.3,0.001,4.8,,300.0,568.0,0.001,9.9,104.2,0.002,0.003,0.026,0.0003,0.11,0.005,1.09,0.006,1.0,0.001,0.001,2.2,17.7,1.28,0.053,17.8,0.004,8.11,2021,249,0.04288671797889254,False,normal,0.4044246213148957
1098,24.56125,120.8394444,2025-10-13 11:30:00,3.25,2.945428117005927,0.3045718829940731,Gradient Boosting,Yuqing Bridge,Miaoli County,Touwu Township,Houlong River,Houlong River,,28.6,,33.1,,250.0,505.0,,10.6,138.5,,,,,0.04,,,,3.25,,,4.7,31.4,,,29.4,,8.34,2025,250,0.3045718829940731,False,normal,0.4044246213148957
1098,24.56125,120.8394444,2026-07-02 09:40:00,1.0,1.0428867179788925,-0.04288671797889254,Gradient Boosting,Yuqing Bridge,Miaoli County,Touwu Township,Houlong River,Houlong River,0.0004,1.0,0.001,4.0,,3500.0,423.0,0.001,8.7,109.8,0.002,0.003,0.007,0.0003,0.01,0.005,1.31,,1.0,,0.001,3.9,30.0,,0.07,27.1,0.004,8.38,2026,251,0.04288671797889254,False,normal,0.4044246213148957
1099,24.5948969,120.8255631,2021-01-06 14:30:00,1.0,1.0428867179788925,-0.04288671797889254,Gradient Boosting,Peishih Bridge,Miaoli County,Houlong Township,Houlong River,Houlong River,0.001,1.9,0.001,7.4,,1700.0,576.0,0.001,7.5,78.8,0.002,0.003,0.042,0.0003,0.12,0.005,1.18,0.039,1.0,0.001,0.001,10.2,17.2,1.96,0.13,18.0,0.026,7.88,2021,252,0.04288671797889254,False,normal,0.4044246213148957
1099,24.5948969,120.8255631,2025-10-13 13:30:00,1.0,1.0428867179788925,-0.04288671797889254,Gradient Boosting,Peishih Bridge,Miaoli County,Houlong Township,Houlong River,Houlong River,,1.3,,7.7,,3000.0,506.0,,9.0,119.6,,,,,0.04,,,,1.0,,,6.2,31.8,,,30.1,,7.9,2025,253,0.04288671797889254,False,normal,0.4044246213148957
1099,24.5948969,120.8255631,2026-07-02 10:50:00,1.0,1.0428867179788925,-0.04288671797889254,Gradient Boosting,Peishih Bridge,Miaoli County,Houlong Township,Houlong River,Houlong River,0.0004,1.0,0.001,4.6,,9000.0,394.0,0.001,8.7,110.9,0.002,0.003,0.01,0.0003,0.02,0.005,1.24,,1.0,,0.001,4.8,31.0,,0.058,27.8,0.022,8.35,2026,254,0.04288671797889254,False,normal,0.4044246213148957
1100,24.6087439,120.784298,2021-01-06 09:20:00,2.5,2.1567478356416636,0.3432521643583364,Gradient Boosting,Houlong River Bridge,Miaoli County,Houlong Township,Houlong River,Houlong River,0.0012,3.5,0.001,11.9,11800.0,3500.0,36600.0,0.001,6.3,77.0,0.002,0.003,0.008,0.0003,0.69,0.005,0.93,0.153,2.5,0.001,0.001,11.3,16.0,1.35,0.413,17.6,0.008,7.92,2021,255,0.3432521643583364,False,normal,0.4044246213148957
1100,24.6087439,120.784298,2025-10-13 08:30:00,2.75,3.1569479956831863,-0.4069479956831863,Gradient Boosting,Houlong River Bridge,Miaoli County,Houlong Township,Houlong River,Houlong River,,2.9,,13.2,4660.0,200.0,13900.0,,4.9,66.0,,,,,1.95,,,,2.75,,,9.9,28.3,,,29.3,,7.84,2025,256,0.4069479956831863,True,low,0.4044246213148957
1100,24.6087439,120.784298,2026-07-02 06:00:00,1.0,1.0484030473186072,-0.04840304731860723,Gradient Boosting,Houlong River Bridge,Miaoli County,Houlong Township,Houlong River,Houlong River,0.0005,1.0,0.001,4.0,27.5,19000.0,452.0,0.001,7.1,89.0,0.002,0.003,0.016,0.0003,0.02,0.005,1.36,,1.0,,0.001,20.0,27.0,,0.117,27.1,0.007,8.06,2026,257,0.04840304731860723,False,normal,0.4044246213148957
1101,24.4941931,120.7805989,2021-01-06 13:30:00,1.0,1.0428867179788925,-0.04288671797889254,Gradient Boosting,Tongluo Bridge,Miaoli County,Tongluo Township,Sihu River,Sihu River,0.0003,1.0,0.001,4.0,,270.0,200.0,0.001,6.6,70.6,0.002,0.003,0.053,0.0003,0.13,0.005,0.13,0.002,1.0,0.001,0.001,1.7,17.1,1.22,0.089,17.7,0.043,6.97,2021,258,0.04288671797889254,False,normal,0.4044246213148957
1101,24.4941931,120.7805989,2026-07-03 09:30:00,1.0,1.0428867179788925,-0.04288671797889254,Gradient Boosting,Tongluo Bridge,Miaoli County,Tongluo Township,Sihu River,Sihu River,0.0003,1.0,0.001,4.0,,21000.0,186.0,0.001,8.4,108.0,0.002,0.003,0.009,0.0003,0.03,0.005,1.16,,1.0,,0.001,3.2,30.9,,0.133,28.0,0.006,7.91,2026,259,0.04288671797889254,False,normal,0.4044246213148957
1102,24.533339,120.7478719,2021-01-06 14:20:00,1.0,1.0428867179788925,-0.04288671797889254,Gradient Boosting,Longsho Bridge,Miaoli County,Sihu Township,Sihu River,Sihu River,0.0008,1.8,0.001,6.4,,750.0,311.0,0.02,9.6,99.5,0.002,0.003,0.039,0.0003,0.09,0.005,0.36,0.002,1.0,0.001,0.001,4.8,17.2,2.01,0.035,16.7,0.044,7.92,2021,260,0.04288671797889254,False,normal,0.4044246213148957
1102,24.533339,120.7478719,2025-10-16 09:40:00,1.0,1.0428867179788925,-0.04288671797889254,Gradient Boosting,Longsho Bridge,Miaoli County,Sihu Township,Sihu River,Sihu River,,1.0,,6.5,,9500.0,254.0,,9.3,120.0,,,,,0.05,,,,1.0,,,2.8,28.3,,,28.5,,7.98,2025,261,0.04288671797889254,False,normal,0.4044246213148957
1102,24.533339,120.7478719,2026-07-03 10:30:00,1.0,1.0428867179788925,-0.04288671797889254,Gradient Boosting,Longsho Bridge,Miaoli County,Sihu Township,Sihu River,Sihu River,0.0006,1.1,0.001,4.0,,4000.0,226.0,0.001,9.1,121.6,0.002,0.003,0.014,0.0003,0.03,0.005,0.58,,1.0,,0.001,3.4,31.5,,0.066,30.6,0.008,8.9,2026,262,0.04288671797889254,False,normal,0.4044246213148957
1103,24.5632681,120.752601,2021-01-06 15:10:00,1.0,1.0428867179788925,-0.04288671797889254,Gradient Boosting,Sihhu Bridge,Miaoli County,Sihu Township,Sihu River,Sihu River,0.0007,1.0,0.001,4.0,,800.0,359.0,0.001,9.7,99.6,0.002,0.003,0.014,0.0003,0.1,0.005,0.21,0.006,1.0,0.001,0.001,1.9,17.0,1.71,0.057,16.4,0.017,7.98,2021,263,0.04288671797889254,False,normal,0.4044246213148957
1103,24.5632681,120.752601,2026-07-03 11:30:00,1.0,1.0428867179788925,-0.04288671797889254,Gradient Boosting,Sihhu Bridge,Miaoli County,Sihu Township,Sihu River,Sihu River,0.0011,1.0,0.001,6.1,,3500.0,238.0,0.001,9.3,125.3,0.002,0.003,0.017,0.0003,0.02,0.005,0.53,,1.0,,0.001,5.0,32.1,,0.072,31.2,0.013,8.9,2026,264,0.04288671797889254,False,normal,0.4044246213148957
1103,24.5632681,120.752601,2025-10-16 10:40:00,1.0,1.0428867179788925,-0.04288671797889254,Gradient Boosting,Sihhu Bridge,Miaoli County,Sihu Township,Sihu River,Sihu River,,1.0,,7.5,,15000.0,291.0,,9.3,122.4,,,,,0.06,,,,1.0,,,4.8,31.3,,,29.4,,8.18,2025,265,0.04288671797889254,False,normal,0.4044246213148957
1104,24.2943611,120.9105278,2025-10-13 11:30:00,1.0,1.0428867179788925,-0.04288671797889254,Gradient Boosting,Beifan Bridge,Miaoli County,Jhuolan Township,Da-an River,Da-an River,,1.0,,4.0,,150.0,384.0,,8.2,107.8,,,,,0.03,,,,1.0,,,2.7,27.6,,,26.7,,8.47,2025,266,0.04288671797889254,False,normal,0.4044246213148957
1104,24.2943611,120.9105278,2021-01-06 12:20:00,1.0,1.0428867179788925,-0.04288671797889254,Gradient Boosting,Beifan Bridge,Miaoli County,Jhuolan Township,Da-an River,Da-an River,0.0003,1.0,0.001,4.0,,40.0,428.0,0.001,9.2,103.3,0.002,0.003,0.005,0.0003,0.07,0.005,0.04,0.001,1.0,0.001,0.001,2.8,19.0,0.78,0.022,18.2,0.007,8.48,2021,267,0.04288671797889254,False,normal,0.4044246213148957
1104,24.2943611,120.9105278,2026-07-22 09:10:00,2.66667,2.1835815958402147,0.48308840415978516,Gradient Boosting,Beifan Bridge,Miaoli County,Jhuolan Township,Da-an River,Da-an River,0.0003,8.3,0.001,14.6,,800.0,353.0,0.001,8.3,103.6,0.002,0.003,0.043,0.0003,0.02,0.005,0.63,,2.66667,,0.001,,26.5,,0.082,23.4,0.008,8.24,2026,268,0.48308840415978516,True,high,0.4044246213148957
1105,24.307695,120.817321,2025-10-13 15:00:00,1.0,1.0428867179788925,-0.04288671797889254,Gradient Boosting,Lanshih Bridge,Miaoli County,Jhuolan Township,Da-an River,Da-an River,,1.0,,4.0,,6500.0,388.0,,8.5,114.0,,,,,0.04,,,,1.0,,,4.3,30.2,,,28.9,,8.64,2025,269,0.04288671797889254,False,normal,0.4044246213148957
1105,24.307695,120.817321,2026-07-22 13:50:00,2.75,2.9626457836889144,-0.2126457836889144,Gradient Boosting,Lanshih Bridge,Miaoli County,Jhuolan Township,Da-an River,Da-an River,0.0004,3.1,0.001,5.7,,1400.0,423.0,0.001,7.9,104.4,0.002,0.003,0.028,0.0003,0.01,0.005,0.7,,2.75,,0.001,98.0,32.0,,0.075,27.6,0.009,8.32,2026,270,0.2126457836889144,False,normal,0.4044246213148957
1106,24.3486667,120.7342222,2021-01-06 16:50:00,1.0,1.0428867179788925,-0.04288671797889254,Gradient Boosting,Yilida Bridge,Miaoli County,Sanyi Township,Da-an River,Da-an River,0.0004,1.0,0.001,4.0,,2400.0,497.0,0.001,9.4,99.6,0.002,0.003,0.017,0.0003,0.06,0.005,0.95,0.002,1.0,0.001,0.001,14.1,17.0,0.97,0.019,17.0,0.013,8.34,2021,271,0.04288671797889254,False,normal,0.4044246213148957
1106,24.3486667,120.7342222,2026-07-22 14:50:00,2.75,2.9410914337124003,-0.19109143371240034,Gradient Boosting,Yilida Bridge,Miaoli County,Sanyi Township,Da-an River,Da-an River,0.0006,3.3,0.001,8.2,,1400.0,438.0,0.001,7.8,104.4,0.002,0.003,0.028,0.0003,0.02,0.005,1.15,,2.75,,0.001,93.0,32.0,,0.059,29.4,0.004,8.35,2026,272,0.19109143371240034,False,normal,0.4044246213148957
1107,24.370575,120.6449161,2025-10-13 17:00:00,1.0,1.0428867179788925,-0.04288671797889254,Gradient Boosting,Da-an River Bridge,Taichung City,Dajia District,Da-an River,Da-an River,,1.0,,6.7,,150.0,410.0,,8.1,110.3,,,,,0.05,,,,1.0,,,3.6,30.2,,,31.3,,8.62,2025,273,0.04288671797889254,False,normal,0.4044246213148957
1107,24.370575,120.6449161,2026-07-22 15:50:00,3.75,3.697700781855032,0.05229921814496796,Gradient Boosting,Da-an River Bridge,Taichung City,Dajia District,Da-an River,Da-an River,0.0005,3.8,0.001,20.8,,2000.0,451.0,0.003,7.4,99.4,0.002,0.004,0.173,0.0003,0.09,0.005,0.87,,3.75,,0.001,384.0,31.0,,0.213,30.3,0.01,8.36,2026,274,0.05229921814496796,False,normal,0.4044246213148957
1108,24.4014167,120.6105972,2026-07-22 11:00:00,3.75,3.575365152254872,0.17463484774512805,Gradient Boosting,Da-an River Mouth,Taichung City,Dajia District,Da-an River,Da-an River,0.0006,3.4,0.001,9.9,,1000.0,431.0,0.001,8.0,104.3,0.002,0.003,0.047,0.0003,0.03,0.005,0.87,,3.75,,0.001,116.0,31.0,,0.066,28.7,0.005,8.34,2026,275,0.17463484774512805,False,normal,0.4044246213148957
1109,24.17489,120.9746939,2021-01-11 10:30:00,1.0,1.0428867179788925,-0.04288671797889254,Gradient Boosting,Changcing Bridge,Taichung City,Heping District,Dajia River,Dajia River,0.0011,1.3,0.001,4.3,,1300.0,273.0,0.001,9.4,102.3,0.002,0.003,0.005,0.0003,0.05,0.005,0.44,0.002,1.0,0.001,0.001,1.0,11.2,1.2,0.022,16.0,0.011,8.44,2021,276,0.04288671797889254,False,normal,0.4044246213148957
1109,24.17489,120.9746939,2025-10-15 08:20:00,1.0,1.0428867179788925,-0.04288671797889254,Gradient Boosting,Changcing Bridge,Taichung City,Heping District,Dajia River,Dajia River,,1.0,,4.0,,2200.0,202.0,,8.8,109.8,,,,,0.04,,,,1.0,,,1.7,24.3,,,22.6,,8.28,2025,277,0.04288671797889254,False,normal,0.4044246213148957
1109,24.17489,120.9746939,2026-07-27 10:20:00,1.0,1.0428867179788925,-0.04288671797889254,Gradient Boosting,Changcing Bridge,Taichung City,Heping District,Dajia River,Dajia River,0.0013,1.0,0.001,4.0,,900.0,124.0,0.001,8.6,106.8,0.002,0.003,0.005,0.0003,0.02,0.005,0.42,,1.0,,0.001,1.0,27.2,,0.017,22.4,0.005,8.31,2026,278,0.04288671797889254,False,normal,0.4044246213148957
1110,24.1719361,120.8379181,2021-01-11 10:40:00,1.0,1.0428867179788925,-0.04288671797889254,Gradient Boosting,Longanda Bridge,Taichung City,Dongshih District,Dajia River,Dajia River,0.0004,1.0,0.001,4.0,,950.0,272.0,0.002,9.4,100.7,0.002,0.003,0.005,0.0003,0.04,0.005,0.41,0.001,1.0,0.001,0.001,1.8,16.8,1.06,0.025,16.5,0.016,8.3,2021,279,0.04288671797889254,False,normal,0.4044246213148957
1110,24.1719361,120.8379181,2025-10-15 08:30:00,1.0,1.0428867179788925,-0.04288671797889254,Gradient Boosting,Longanda Bridge,Taichung City,Dongshih District,Dajia River,Dajia River,,1.0,,4.0,,350.0,246.0,,8.6,108.6,,,,,0.03,,,,1.0,,,3.0,25.0,,,23.8,,8.24,2025,280,0.04288671797889254,False,normal,0.4044246213148957
1110,24.1719361,120.8379181,2026-07-27 10:30:00,1.0,1.0428867179788925,-0.04288671797889254,Gradient Boosting,Longanda Bridge,Taichung City,Dongshih District,Dajia River,Dajia River,0.0004,1.1,0.001,4.0,,400.0,262.0,0.001,8.4,107.5,0.002,0.003,0.005,0.0003,0.02,0.005,0.82,,1.0,,0.001,1.8,27.0,,0.012,25.2,0.005,8.28,2026,281,0.04288671797889254,False,normal,0.4044246213148957
1111,24.2608461,120.8200319,2021-01-11 13:10:00,1.0,1.0428867179788925,-0.04288671797889254,Gradient Boosting,Dongfonda Bridge,Taichung City,Dongshih District,Dajia River,Dajia River,0.0005,1.0,0.001,4.0,,500.0,281.0,0.001,9.5,98.6,0.002,0.003,0.008,0.0003,0.04,0.005,0.43,0.001,1.0,0.001,0.001,2.8,13.0,1.31,0.018,15.6,0.008,8.46,2021,282,0.04288671797889254,False,normal,0.4044246213148957
1111,24.2608461,120.8200319,2025-10-15 09:32:00,1.0,1.0428867179788925,-0.04288671797889254,Gradient Boosting,Dongfonda Bridge,Taichung City,Dongshih District,Dajia River,Dajia River,,1.0,,4.0,,600.0,235.0,,8.9,109.6,,,,,0.03,,,,1.0,,,1.9,28.1,,,24.0,,8.48,2025,283,0.04288671797889254,False,normal,0.4044246213148957
1111,24.2608461,120.8200319,2026-07-27 11:40:00,2.25,2.0270215030814023,0.22297849691859772,Gradient Boosting,Dongfonda Bridge,Taichung City,Dongshih District,Dajia River,Dajia River,0.0006,5.5,0.001,6.0,,200.0,191.0,0.001,8.4,104.2,0.002,0.003,0.005,0.0003,0.02,0.005,0.6,,2.25,,0.001,4.4,28.3,,0.016,24.1,0.005,8.42,2026,284,0.22297849691859772,False,normal,0.4044246213148957
1112,24.28375,120.7798147,2021-01-11 13:20:00,1.0,1.0428867179788925,-0.04288671797889254,Gradient Boosting,Shihgang Dam,Taichung City,Shihgang District,Dajia River,Dajia River,0.0006,1.6,0.001,4.0,,3400.0,286.0,0.001,9.7,99.4,0.002,0.003,0.01,0.0003,0.04,0.005,0.47,0.002,1.0,0.001,0.001,4.7,16.3,1.78,0.021,15.3,0.032,8.36,2021,285,0.04288671797889254,False,normal,0.4044246213148957
1112,24.28375,120.7798147,2025-10-15 09:40:00,1.0,1.0428867179788925,-0.04288671797889254,Gradient Boosting,Shihgang Dam,Taichung City,Shihgang District,Dajia River,Dajia River,,1.0,,4.0,,250.0,260.0,,9.2,113.9,,,,,0.04,,,,1.0,,,1.0,29.0,,,24.4,,8.44,2025,286,0.04288671797889254,False,normal,0.4044246213148957
1112,24.28375,120.7798147,2026-07-27 11:50:00,1.0,1.0428867179788925,-0.04288671797889254,Gradient Boosting,Shihgang Dam,Taichung City,Shihgang District,Dajia River,Dajia River,0.0007,1.0,0.001,4.0,,200.0,229.0,0.003,8.8,111.6,0.002,0.003,0.005,0.0003,0.02,0.005,0.64,,1.0,,0.001,6.7,29.0,,0.02,25.8,0.008,8.39,2026,287,0.04288671797889254,False,normal,0.4044246213148957
1113,24.2750556,120.7739722,2021-01-11 14:10:00,1.0,1.0428867179788925,-0.04288671797889254,Gradient Boosting,Jinxing Bridge,Taichung City,Fengyuan District,Dajia River,Dajia River,0.0005,2.5,0.001,8.9,,2300.0,246.0,0.001,9.5,97.6,0.002,0.003,0.01,0.0003,0.05,0.005,2.08,0.009,1.0,0.001,0.001,2.9,13.2,2.0,0.109,15.3,0.003,8.02,2021,288,0.04288671797889254,False,normal,0.4044246213148957
1113,24.2750556,120.7739722,2025-10-15 10:30:00,1.5,1.4967622978279964,0.003237702172003587,Gradient Boosting,Jinxing Bridge,Taichung City,Fengyuan District,Dajia River,Dajia River,,1.0,,7.7,,3000.0,222.0,,8.4,105.8,,,,,0.05,,,,1.5,,,21.7,29.7,,,25.8,,8.3,2025,289,0.003237702172003587,False,normal,0.4044246213148957
1113,24.2750556,120.7739722,2026-07-27 14:00:00,1.5,1.494722743165691,0.005277256834308908,Gradient Boosting,Jinxing Bridge,Taichung City,Fengyuan District,Dajia River,Dajia River,0.0006,3.7,0.001,9.4,,120000.0,219.0,0.001,8.0,104.0,0.002,0.003,0.013,0.0003,0.05,0.005,4.39,,1.5,,0.001,9.4,28.7,,0.084,27.2,0.009,8.24,2026,290,0.005277256834308908,False,normal,0.4044246213148957
1114,24.2826861,120.722805,2021-01-11 14:20:00,1.0,1.0428867179788925,-0.04288671797889254,Gradient Boosting,Houfonda Bridge,Taichung City,Houli District,Dajia River,Dajia River,0.0005,1.9,0.001,5.4,,3600.0,268.0,0.001,11.0,110.2,0.002,0.003,0.006,0.0003,0.04,0.005,2.21,0.032,1.0,0.001,0.001,1.8,16.1,1.72,0.136,14.3,0.034,8.78,2021,291,0.04288671797889254,False,normal,0.4044246213148957
1114,24.2826861,120.722805,2025-10-15 10:40:00,1.0,1.0428867179788925,-0.04288671797889254,Gradient Boosting,Houfonda Bridge,Taichung City,Houli District,Dajia River,Dajia River,,1.0,,4.0,,1100.0,230.0,,9.5,118.6,,,,,0.04,,,,1.0,,,2.9,31.0,,,25.6,,8.57,2025,292,0.04288671797889254,False,normal,0.4044246213148957
1114,24.2826861,120.722805,2026-07-27 14:10:06,1.0,1.0428867179788925,-0.04288671797889254,Gradient Boosting,Houfonda Bridge,Taichung City,Houli District,Dajia River,Dajia River,0.0008,1.2,0.001,4.0,,1500.0,226.0,0.001,8.7,111.1,0.002,0.003,0.006,0.0003,0.02,0.005,0.96,,1.0,,0.001,6.2,30.0,,0.029,26.6,0.008,8.38,2026,293,0.04288671797889254,False,normal,0.4044246213148957
1115,24.283931,120.6947069,2021-01-11 15:20:00,3.25,3.001244424197544,0.248755575802456,Gradient Boosting,Hiway Bridge,Taichung City,Shengang District,Dajia River,Dajia River,0.0007,17.7,0.001,53.3,,2500.0,1170.0,0.001,9.5,94.6,0.002,0.003,0.024,0.0003,0.15,0.005,1.32,0.022,3.25,0.001,0.001,5.5,15.7,19.5,0.029,14.6,0.003,8.2,2021,294,0.248755575802456,False,normal,0.4044246213148957
1115,24.283931,120.6947069,2025-10-15 11:30:00,1.0,1.0428867179788925,-0.04288671797889254,Gradient Boosting,Hiway Bridge,Taichung City,Shengang District,Dajia River,Dajia River,,1.0,,4.0,,29000.0,238.0,,8.8,113.2,,,,,0.12,,,,1.0,,,2.5,32.0,,,27.4,,8.44,2025,295,0.04288671797889254,False,normal,0.4044246213148957
1115,24.283931,120.6947069,2026-07-27 15:20:00,1.0,1.0428867179788925,-0.04288671797889254,Gradient Boosting,Hiway Bridge,Taichung City,Shengang District,Dajia River,Dajia River,0.0008,1.5,0.001,5.0,,11000.0,200.0,0.001,8.3,107.8,0.002,0.003,0.005,0.0003,0.05,0.005,0.71,,1.0,,0.001,7.3,30.0,,0.069,27.5,0.007,8.88,2026,296,0.04288671797889254,False,normal,0.4044246213148957
1116,24.31547,120.604905,2025-10-15 11:50:00,1.0,1.0428867179788925,-0.04288671797889254,Gradient Boosting,Dajia River Bridge,Taichung City,Dajia District,Dajia River,Dajia River,,1.0,,4.8,5.6,230000.0,286.0,,9.7,125.2,,,,,0.07,,,,1.0,,,3.7,31.5,,,28.6,,8.98,2025,297,0.04288671797889254,False,normal,0.4044246213148957
1116,24.31547,120.604905,2026-07-27 15:30:00,1.0,1.0428867179788925,-0.04288671797889254,Gradient Boosting,Dajia River Bridge,Taichung City,Dajia District,Dajia River,Dajia River,0.0009,1.4,0.001,4.0,2.1,500.0,236.0,0.001,8.7,111.6,0.002,0.003,0.005,0.0003,0.02,0.005,0.86,,1.0,,0.001,4.9,29.1,,0.021,27.6,0.005,8.9,2026,298,0.04288671797889254,False,normal,0.4044246213148957
1117,24.0270469,120.8269119,2021-01-08 10:50:00,1.0,1.0428867179788925,-0.04288671797889254,Gradient Boosting,Chenfon Bridge,Nantou County,Guosing Township,Wu River,Wu River,0.0009,1.2,0.001,4.0,,3000.0,316.0,0.001,9.8,97.4,0.002,0.003,0.016,0.0003,0.07,0.005,1.23,0.022,1.0,0.001,0.001,7.0,9.8,0.9,0.101,13.9,0.022,8.36,2021,299,0.04288671797889254,False,normal,0.4044246213148957
1117,24.0270469,120.8269119,2025-10-02 10:40:00,1.0,1.0428867179788925,-0.04288671797889254,Gradient Boosting,Chenfon Bridge,Nantou County,Guosing Township,Wu River,Wu River,,1.0,,4.6,,8000.0,304.0,,8.1,104.4,,,,,0.03,,,,1.0,,,10.6,29.5,,,27.4,,8.49,2025,300,0.04288671797889254,False,normal,0.4044246213148957
1117,24.0270469,120.8269119,2026-07-23 10:40:00,2.25,1.9761707425789072,0.27382925742109276,Gradient Boosting,Chenfon Bridge,Nantou County,Guosing Township,Wu River,Wu River,0.0006,1.0,0.001,4.2,,23000.0,286.0,0.001,8.5,107.8,0.002,0.003,0.015,0.0003,0.04,0.005,1.1,,2.25,,0.001,50.2,28.3,,0.075,26.2,0.006,8.26,2026,301,0.27382925742109276,False,normal,0.4044246213148957
1118,24.0089369,120.6955969,2021-01-08 11:40:00,1.0,1.0428867179788925,-0.04288671797889254,Gradient Boosting,Wu River Bridge,Taichung City,Wufeng District,Wu River,Wu River,0.0009,2.2,0.001,6.4,,6500.0,340.0,0.001,10.2,102.2,0.002,0.003,0.015,0.0003,0.13,0.005,1.12,0.018,1.0,0.001,0.001,8.1,10.4,1.61,0.081,15.3,0.013,8.4,2021,302,0.04288671797889254,False,normal,0.4044246213148957
1118,24.0089369,120.6955969,2025-10-02 11:40:00,1.0,1.0428867179788925,-0.04288671797889254,Gradient Boosting,Wu River Bridge,Taichung City,Wufeng District,Wu River,Wu River,,1.0,,5.6,,1500.0,318.0,,8.1,107.8,,,,,0.02,,,,1.0,,,16.3,31.2,,,29.8,,8.66,2025,303,0.04288671797889254,False,normal,0.4044246213148957
1118,24.0089369,120.6955969,2026-07-23 11:40:00,2.25,2.398023420704911,-0.14802342070491115,Gradient Boosting,Wu River Bridge,Taichung City,Wufeng District,Wu River,Wu River,0.001,1.0,0.001,5.2,,5000.0,297.0,0.001,8.4,108.2,0.002,0.003,0.026,0.0003,0.04,0.005,1.12,,2.25,,0.001,75.4,29.4,,0.112,27.8,0.007,8.29,2026,304,0.14802342070491115,False,normal,0.4044246213148957
1119,24.10593,120.5821369,2021-01-08 14:00:00,4.0,3.506328850464152,0.4936711495358481,Gradient Boosting,Dadu Bridge,Taichung City,Dadu District,Wu River,Wu River,0.0012,3.7,0.001,10.9,,58000.0,469.0,0.005,8.1,80.4,0.002,0.003,0.14,0.0003,2.09,0.008,3.09,0.394,4.0,0.001,0.001,54.0,10.6,2.85,0.797,15.4,0.028,7.86,2021,305,0.4936711495358481,True,high,0.4044246213148957
1119,24.10593,120.5821369,2025-10-02 14:00:00,1.0,1.0484030473186072,-0.04840304731860723,Gradient Boosting,Dadu Bridge,Taichung City,Dadu District,Wu River,Wu River,,1.8,,9.5,,2700000.0,409.0,,8.2,111.0,,,,,0.23,,,,1.0,,,19.6,32.9,,,31.2,,8.21,2025,306,0.04840304731860723,False,normal,0.4044246213148957
1119,24.10593,120.5821369,2026-07-23 14:03:00,2.25,2.398023420704911,-0.14802342070491115,Gradient Boosting,Dadu Bridge,Taichung City,Dadu District,Wu River,Wu River,0.0011,1.0,0.001,7.7,,45000.0,355.0,0.001,7.6,100.0,0.002,0.003,0.042,0.0003,0.29,0.005,1.68,,2.25,,0.001,64.0,32.4,,0.22,29.8,0.012,8.04,2026,307,0.14802342070491115,False,normal,0.4044246213148957
1121,23.8825319,120.7577769,2026-07-23 11:50:00,2.75,2.4151240369449973,0.33487596305500267,Gradient Boosting,Jhongjheng Bridge,Nantou County,Chinlio Township,Wu River,Maoluo River,0.0006,14.3,0.001,19.8,,7000.0,447.0,0.001,8.2,107.9,0.002,0.003,0.011,0.0003,0.03,0.005,0.73,,2.75,,0.001,21.0,31.0,,0.031,28.9,0.006,8.44,2026,308,0.33487596305500267,False,normal,0.4044246213148957
1122,23.952398,120.6574539,2025-10-02 14:20:00,3.75,3.41145160238994,0.33854839761005984,Gradient Boosting,Pinlin Bridge,Nantou County,Caotun Township,Wu River,Maoluo River,,1.0,,8.0,,140000.0,588.0,,7.0,94.4,,,,,0.6,,,,3.75,,,139.0,31.0,,,30.4,,7.87,2025,309,0.33854839761005984,False,normal,0.4044246213148957
1122,23.952398,120.6574539,2026-07-23 14:20:00,3.25,3.3100384513639023,-0.06003845136390229,Gradient Boosting,Pinlin Bridge,Nantou County,Caotun Township,Wu River,Maoluo River,0.0021,1.0,0.001,12.4,,55000.0,485.0,0.003,6.9,93.0,0.002,0.003,0.087,0.0003,0.24,0.005,2.24,,3.25,,0.001,228.0,31.5,,0.245,30.0,0.015,7.98,2026,310,0.06003845136390229,False,normal,0.4044246213148957
1122,23.952398,120.6574539,2021-01-08 14:30:00,3.25,3.0833449467789866,0.16665505322101337,Gradient Boosting,Pinlin Bridge,Nantou County,Caotun Township,Wu River,Wu River,0.0018,3.5,0.001,12.9,,120000.0,792.0,0.006,7.2,72.0,0.002,0.003,0.109,0.0003,2.03,0.045,7.78,0.49,3.25,0.001,0.001,20.3,9.0,3.7,0.84,15.1,0.029,7.73,2021,311,0.16665505322101337,False,normal,0.4044246213148957
1123,24.0134681,120.6375689,2025-10-02 15:20:00,1.5,1.4243405454834546,0.07565945451654543,Gradient Boosting,Limin Bridge,Changhua County,Fenyuan Township,Wu River,Maoluo River,,1.3,,7.1,,5500.0,550.0,,9.6,130.9,,,,,0.09,,,,1.5,,,20.8,30.0,,,31.9,,8.09,2025,312,0.07565945451654543,False,normal,0.4044246213148957
1123,24.0134681,120.6375689,2026-07-23 15:20:00,3.25,3.280967123053613,-0.030967123053613044,Gradient Boosting,Limin Bridge,Changhua County,Fenyuan Township,Wu River,Maoluo River,0.0016,1.0,0.001,9.9,,10000.0,460.0,0.002,6.8,94.1,0.002,0.003,0.079,0.0003,0.15,0.005,2.24,,3.25,,0.001,150.0,32.0,,0.241,31.6,0.01,7.94,2026,313,0.030967123053613044,False,normal,0.4044246213148957
1123,24.0134681,120.6375689,2021-01-08 15:30:00,4.0,3.842529969546999,0.157470030453001,Gradient Boosting,Limin Bridge,Changhua County,Fenyuan Township,Wu River,Wu River,0.0018,5.3,0.001,17.5,,12000.0,719.0,0.004,8.6,83.6,0.002,0.003,0.086,0.0003,1.12,0.026,7.57,0.623,4.0,0.001,0.001,36.9,10.0,3.5,0.81,13.9,0.022,7.6,2021,314,0.157470030453001,False,normal,0.4044246213148957
1124,24.1784761,120.7377719,2025-10-03 08:30:00,1.0,1.0428867179788925,-0.04288671797889254,Gradient Boosting,Fongia Bridge,Taichung City,Beitun District,Wu River,Dali River,,1.0,,5.1,,5000.0,450.0,,8.1,105.2,,,,,0.03,,,,1.0,,,1.3,27.3,,,27.8,,8.4,2025,315,0.04288671797889254,False,normal,0.4044246213148957
1124,24.1784761,120.7377719,2026-07-24 10:00:00,1.0,1.0428867179788925,-0.04288671797889254,Gradient Boosting,Fongia Bridge,Taichung City,Beitun District,Wu River,Dali River,0.0012,1.0,0.001,4.2,,2500.0,430.0,0.001,8.5,112.8,0.002,0.003,0.012,0.0003,0.04,0.005,1.34,,1.0,,0.001,3.2,29.2,,0.021,28.6,0.004,8.5,2026,316,0.04288671797889254,False,normal,0.4044246213148957
1124,24.1784761,120.7377719,2021-01-08 10:30:00,1.0,1.0428867179788925,-0.04288671797889254,Gradient Boosting,Fongia Bridge,Taichung City,Beitun District,Wu River,Wu River,0.0016,2.7,0.001,7.6,,3200.0,535.0,0.001,9.6,96.5,0.002,0.003,0.02,0.0003,0.11,0.005,0.81,0.013,1.0,0.001,0.001,3.0,8.0,2.02,0.072,14.7,0.002,8.44,2021,317,0.04288671797889254,False,normal,0.4044246213148957
1125,24.0938781,120.6890861,2025-10-03 10:00:00,1.0,1.0428867179788925,-0.04288671797889254,Gradient Boosting,Dali Bridge,Taichung City,Dali District,Wu River,Dali River,,1.3,,10.4,,40000.0,498.0,,10.1,132.9,,,,,0.39,,,,1.0,,,6.6,30.1,,,29.7,,7.81,2025,318,0.04288671797889254,False,normal,0.4044246213148957
1125,24.0938781,120.6890861,2026-07-24 11:30:00,1.0,1.0428867179788925,-0.04288671797889254,Gradient Boosting,Dali Bridge,Taichung City,Dali District,Wu River,Dali River,0.0009,1.1,0.001,7.7,,29000.0,498.0,0.001,9.6,128.7,0.002,0.003,0.025,0.0003,0.4,0.005,3.22,,1.0,,0.001,3.7,30.8,,0.374,30.1,0.008,7.74,2026,319,0.04288671797889254,False,normal,0.4044246213148957
1125,24.0938781,120.6890861,2021-01-08 11:30:00,6.25,5.43305595876796,0.8169440412320403,Gradient Boosting,Dali Bridge,Taichung City,Dali District,Wu River,Wu River,0.0008,3.6,0.001,54.6,,2300000.0,734.0,0.011,4.1,41.4,0.002,0.01,0.579,0.0003,2.27,0.035,2.51,0.535,6.25,0.001,0.001,489.0,8.0,7.87,2.05,16.1,0.119,7.45,2021,320,0.8169440412320403,True,high,0.4044246213148957
1126,24.0920681,120.6433711,2025-10-03 11:00:00,2.0,1.741681327505052,0.258318672494948,Gradient Boosting,Sinan Bridge,Taichung City,Wurih District,Wu River,Dali River,,1.9,,11.4,,90000.0,501.0,,8.5,113.9,,,,,0.6,,,,2.0,,,33.8,32.3,,,30.6,,7.84,2025,321,0.258318672494948,False,normal,0.4044246213148957
1126,24.0920681,120.6433711,2026-07-24 14:20:00,2.0,1.6132239798975687,0.3867760201024313,Gradient Boosting,Sinan Bridge,Taichung City,Wurih District,Wu River,Dali River,0.0013,1.4,0.001,11.2,,60000.0,498.0,0.002,8.9,123.0,0.002,0.003,0.058,0.0003,0.51,0.005,2.21,,2.0,,0.001,20.9,31.8,,0.344,31.7,0.008,8.07,2026,322,0.3867760201024313,False,normal,0.4044246213148957
1126,24.0920681,120.6433711,2021-01-08 14:00:00,5.75,5.464267987321866,0.2857320126781344,Gradient Boosting,Sinan Bridge,Taichung City,Wurih District,Wu River,Wu River,0.0013,5.8,0.001,22.7,,120000.0,503.0,0.007,7.4,74.5,0.002,0.003,0.126,0.0003,4.45,0.017,1.88,0.304,5.75,0.001,0.001,77.6,8.0,3.03,0.815,15.7,0.068,7.7,2021,323,0.2857320126781344,False,normal,0.4044246213148957
1127,23.966919,120.9465111,2025-10-02 07:50:00,1.0,1.0428867179788925,-0.04288671797889254,Gradient Boosting,Ailan Bridge,Nantou County,Puli Township,Wu River,Nangang River,,1.0,,6.1,,56000.0,160.0,,8.0,100.8,,,,,0.14,,,,1.0,,,3.5,23.0,,,24.3,,7.26,2025,324,0.04288671797889254,False,normal,0.4044246213148957
1127,23.966919,120.9465111,2026-07-23 08:30:00,1.0,1.0484030473186072,-0.04840304731860723,Gradient Boosting,Ailan Bridge,Nantou County,Puli Township,Wu River,Nangang River,0.0007,1.0,0.001,5.0,,20000.0,167.0,0.001,8.1,102.3,0.002,0.003,0.011,0.0003,0.18,0.005,1.79,,1.0,,0.001,17.3,26.8,,0.17,24.3,0.006,7.31,2026,325,0.04840304731860723,False,normal,0.4044246213148957
1127,23.966919,120.9465111,2021-01-08 09:00:00,1.0,1.0428867179788925,-0.04288671797889254,Gradient Boosting,Ailan Bridge,Nantou County,Puli Township,Wu River,Wu River,0.0007,2.9,0.001,8.9,,27000.0,197.0,0.001,7.5,80.8,0.002,0.003,0.011,0.0003,0.5,0.005,2.24,0.147,1.0,0.001,0.001,1.9,11.0,2.43,0.11,16.7,0.02,7.02,2021,326,0.04288671797889254,False,normal,0.4044246213148957
1128,23.9830039,120.8715289,2025-10-02 09:10:00,1.0,1.0428867179788925,-0.04288671797889254,Gradient Boosting,Beisan Bridge,Nantou County,Guosing Township,Wu River,Nangang River,,1.0,,5.1,,45000.0,254.0,,8.3,106.0,,,,,0.04,,,,1.0,,,8.3,26.0,,,25.8,,7.97,2025,327,0.04288671797889254,False,normal,0.4044246213148957
1128,23.9830039,120.8715289,2026-07-23 09:40:00,2.25,2.398023420704911,-0.14802342070491115,Gradient Boosting,Beisan Bridge,Nantou County,Guosing Township,Wu River,Nangang River,0.001,1.0,0.001,4.5,,14000.0,266.0,0.001,8.1,106.1,0.002,0.003,0.02,0.0003,0.05,0.005,1.5,,2.25,,0.001,68.2,28.5,,0.131,27.0,0.009,7.98,2026,328,0.14802342070491115,False,normal,0.4044246213148957
1128,23.9830039,120.8715289,2021-01-08 09:50:00,1.5,1.494722743165691,0.005277256834308908,Gradient Boosting,Beisan Bridge,Nantou County,Guosing Township,Wu River,Wu River,0.001,3.8,0.001,10.9,,18000.0,280.0,0.001,9.3,98.1,0.002,0.003,0.021,0.0003,0.12,0.005,1.92,0.046,1.5,0.001,0.001,10.9,11.0,2.18,0.209,16.2,0.054,8.05,2021,329,0.005277256834308908,False,normal,0.4044246213148957
1129,24.017999,120.84402,2025-10-02 10:00:00,1.0,1.0428867179788925,-0.04288671797889254,Gradient Boosting,Gandzulin Bridge,Nantou County,Guosing Township,Wu River,Nangang River,,1.0,,4.6,,16000.0,264.0,,8.1,104.8,,,,,0.03,,,,1.0,,,10.0,29.0,,,26.8,,8.33,2025,330,0.04288671797889254,False,normal,0.4044246213148957
1129,24.017999,120.84402,2026-07-23 10:30:00,2.25,2.398023420704911,-0.14802342070491115,Gradient Boosting,Gandzulin Bridge,Nantou County,Guosing Township,Wu River,Nangang River,0.0008,1.0,0.001,4.0,,80000.0,251.0,0.001,8.1,105.2,0.002,0.003,0.016,0.0003,0.04,0.005,1.32,,2.25,,0.001,76.6,28.3,,0.139,27.4,0.005,8.12,2026,331,0.14802342070491115,False,normal,0.4044246213148957
1129,24.017999,120.84402,2021-01-08 10:30:00,1.0,1.0428867179788925,-0.04288671797889254,Gradient Boosting,Gandzulin Bridge,Nantou County,Guosing Township,Wu River,Wu River,0.0009,2.7,0.001,7.4,,3600.0,286.0,0.001,9.6,99.4,0.002,0.003,0.011,0.0003,0.08,0.005,1.84,0.023,1.0,0.001,0.001,9.7,10.0,2.5,0.164,15.5,0.015,8.27,2021,332,0.04288671797889254,False,normal,0.4044246213148957
1130,24.1771019,120.6279361,2026-07-24 14:20:00,1.0,1.0428867179788925,-0.04288671797889254,Gradient Boosting,Donghi Bridge,Taichung City,Situn District ,Wu River,Fazih River,0.0008,1.0,0.001,8.2,,16000.0,322.0,0.002,8.0,108.8,0.002,0.003,0.01,0.0003,0.1,0.005,1.85,,1.0,,0.001,5.3,32.3,,0.473,30.8,0.012,7.88,2026,333,0.04288671797889254,False,normal,0.4044246213148957
1130,24.1771019,120.6279361,2021-01-08 13:30:00,2.75,2.7927194372826434,-0.04271943728264338,Gradient Boosting,Donghi Bridge,Taichung City,Situn District ,Wu River,Fazih River,0.0007,3.7,0.001,11.1,,16000.0,508.0,0.004,8.4,83.6,0.002,0.003,0.032,0.0003,1.72,0.011,3.7,0.359,2.75,0.001,0.001,3.7,14.4,3.39,0.884,14.8,0.034,7.32,2021,334,0.04271943728264338,False,normal,0.4044246213148957
1130,24.1771019,120.6279361,2025-10-03 10:40:00,1.0,1.0428867179788925,-0.04288671797889254,Gradient Boosting,Donghi Bridge,Taichung City,Situn District ,Wu River,Fazih River,,1.4,,11.4,,40000.0,319.0,,8.1,105.4,,,,,0.12,,,,1.0,,,16.7,31.8,,,28.9,,7.71,2025,335,0.04288671797889254,False,normal,0.4044246213148957
1131,24.1063361,120.6149939,2021-01-08 14:30:00,2.0,1.5908862065783371,0.4091137934216629,Gradient Boosting,Gichen Bridge,Taichung City,Wurih District,Wu River,Fazih River,0.0007,3.2,0.001,11.6,,27000.0,437.0,0.003,8.0,79.7,0.002,0.003,0.114,0.0003,0.52,0.005,2.93,0.231,2.0,0.001,0.001,4.1,13.9,4.18,0.393,15.3,0.016,7.5,2021,336,0.4091137934216629,True,high,0.4044246213148957
1131,24.1063361,120.6149939,2025-10-03 11:40:00,2.25,2.2374551877352196,0.012544812264780436,Gradient Boosting,Gichen Bridge,Taichung City,Wurih District,Wu River,Fazih River,,10.5,,17.2,,9500.0,376.0,,8.7,114.5,,,,,0.12,,,,2.25,,,3.3,33.2,,,29.8,,8.54,2025,337,0.012544812264780436,False,normal,0.4044246213148957
1131,24.1063361,120.6149939,2026-07-24 15:20:00,1.0,1.0428867179788925,-0.04288671797889254,Gradient Boosting,Gichen Bridge,Taichung City,Wurih District,Wu River,Fazih River,0.0006,1.3,0.001,7.7,,20000.0,370.0,0.001,8.1,110.4,0.002,0.003,0.022,0.0003,0.18,0.005,2.4,,1.0,,0.001,3.4,32.9,,0.472,31.1,0.009,8.58,2026,338,0.04288671797889254,False,normal,0.4044246213148957
1136,23.808405,120.84348,2021-01-11 07:40:00,1.0,1.0428867179788925,-0.04288671797889254,Gradient Boosting,Yufonda Bridge,Nantou County,Shueili Township,Jhuoshuei River,Jhuoshuei River,0.0014,1.4,0.001,4.3,,26000.0,549.0,0.001,9.8,98.8,0.002,0.003,0.051,0.0003,0.08,0.005,0.14,0.002,1.0,0.001,0.001,15.8,12.0,1.14,0.074,14.3,0.009,8.42,2021,339,0.04288671797889254,False,normal,0.4044246213148957
1136,23.808405,120.84348,2025-10-13 07:40:00,3.25,3.3499007493975634,-0.09990074939756344,Gradient Boosting,Yufonda Bridge,Nantou County,Shueili Township,Jhuoshuei River,Jhuoshuei River,,1.0,,97.0,,8500.0,498.0,,8.8,103.8,,,,,0.08,,,,3.25,,,2580.0,26.0,,,22.4,,8.3,2025,340,0.09990074939756344,False,normal,0.4044246213148957
1136,23.808405,120.84348,2026-07-22 07:39:00,3.25,3.3499007493975634,-0.09990074939756344,Gradient Boosting,Yufonda Bridge,Nantou County,Shueili Township,Jhuoshuei River,Jhuoshuei River,0.0098,1.0,0.001,48.9,,5500.0,408.0,0.01,8.3,100.1,0.002,0.02,0.557,0.0003,0.08,0.014,0.64,,3.25,,0.001,1410.0,26.1,,0.537,23.0,0.045,8.3,2026,341,0.09990074939756344,False,normal,0.4044246213148957
1138,23.817804,120.7058461,2021-01-11 09:50:00,2.0,1.8607754573018522,0.13922454269814777,Gradient Boosting,Minchiuda Bridge,Nantou County,Mingjian Township,Jhuoshuei River,Jhuoshuei River,0.0012,3.6,0.001,9.4,,2400.0,536.0,0.001,9.8,99.8,0.002,0.003,0.057,0.0003,0.12,0.005,0.25,0.017,2.0,0.001,0.002,34.8,14.0,4.44,0.026,15.8,0.01,8.44,2021,342,0.13922454269814777,False,normal,0.4044246213148957
1138,23.817804,120.7058461,2025-10-13 09:40:00,3.25,3.3499007493975634,-0.09990074939756344,Gradient Boosting,Minchiuda Bridge,Nantou County,Mingjian Township,Jhuoshuei River,Jhuoshuei River,,1.0,,61.4,,20000.0,486.0,,8.3,104.9,,,,,0.13,,,,3.25,,,1980.0,29.3,,,26.6,,8.28,2025,343,0.09990074939756344,False,normal,0.4044246213148957
1138,23.817804,120.7058461,2026-07-22 09:40:00,4.5,4.400161874535202,0.09983812546479776,Gradient Boosting,Minchiuda Bridge,Nantou County,Mingjian Township,Jhuoshuei River,Jhuoshuei River,0.0078,5.1,0.001,1150.0,,110000.0,416.0,0.001,7.9,100.2,0.002,0.003,4.17,0.0003,0.27,0.005,0.59,,4.5,,0.001,13500.0,27.0,,0.25,26.9,0.003,8.09,2026,344,0.09983812546479776,False,normal,0.4044246213148957
1139,23.80975,120.4694722,2021-01-11 15:00:00,1.5,1.4967622978279964,0.003237702172003587,Gradient Boosting,Xizhou Bridge,Yunlin County,Siluo Township,Jhuoshuei River,Jhuoshuei River,0.0018,1.2,0.001,4.0,,2700.0,726.0,0.009,9.7,102.3,0.002,0.003,0.1,0.0003,0.24,0.005,0.32,0.016,1.5,0.001,0.001,33.9,14.0,1.08,0.02,17.9,0.009,8.28,2021,345,0.003237702172003587,False,normal,0.4044246213148957
1139,23.80975,120.4694722,2025-10-13 15:10:00,3.25,3.3499007493975634,-0.09990074939756344,Gradient Boosting,Xizhou Bridge,Yunlin County,Siluo Township,Jhuoshuei River,Jhuoshuei River,,1.0,,35.0,,32000.0,505.0,,7.0,97.2,,,,,0.04,,,,3.25,,,1450.0,33.2,,,32.7,,8.18,2025,346,0.09990074939756344,False,normal,0.4044246213148957
1140,23.759175,120.6569711,2021-01-11 14:00:00,1.0,1.0428867179788925,-0.04288671797889254,Gradient Boosting,Nanyunda Bridge,Nantou County,Jhushan Township,Jhuoshuei River,Cingshuei River,0.0012,1.6,0.001,5.4,,4800.0,473.0,0.001,10.4,108.8,0.002,0.003,0.021,0.0003,0.44,0.005,0.58,0.057,1.0,0.001,0.001,7.0,14.0,1.68,0.266,17.0,0.011,8.55,2021,347,0.04288671797889254,False,normal,0.4044246213148957
1140,23.759175,120.6569711,2025-10-13 14:00:00,1.0,1.0428867179788925,-0.04288671797889254,Gradient Boosting,Nanyunda Bridge,Nantou County,Jhushan Township,Jhuoshuei River,Cingshuei River,,1.0,,5.3,,300.0,369.0,,9.3,128.9,,,,,0.08,,,,1.0,,,8.4,33.2,,,32.2,,8.82,2025,348,0.04288671797889254,False,normal,0.4044246213148957
1140,23.759175,120.6569711,2026-07-22 14:00:00,1.0,1.0428867179788925,-0.04288671797889254,Gradient Boosting,Nanyunda Bridge,Nantou County,Jhushan Township,Jhuoshuei River,Cingshuei River,0.0027,1.0,0.001,11.7,,15000.0,475.0,0.003,7.7,102.8,0.002,0.005,0.176,0.0003,0.09,0.005,1.21,,1.0,,0.001,,31.1,,0.132,29.5,0.019,8.42,2026,349,0.04288671797889254,False,normal,0.4044246213148957
1141,23.751467,120.5081758,2021-01-04 10:50:00,3.25,3.4037919524506868,-0.15379195245068678,Gradient Boosting,Cihtong no. 1 Bridge,Yunlin County,Cihtong Township,Sin Huwei River,Sin Huwei River,0.0031,4.5,0.001,14.0,,110000.0,573.0,0.006,8.6,92.6,0.002,0.003,0.103,0.0003,0.87,0.005,0.78,0.093,3.25,0.001,0.001,82.4,23.9,1.76,0.264,19.1,0.038,8.28,2021,350,0.15379195245068678,False,normal,0.4044246213148957
1141,23.751467,120.5081758,2025-10-08 08:50:00,4.5,4.400161874535202,0.09983812546479776,Gradient Boosting,Cihtong no. 1 Bridge,Yunlin County,Cihtong Township,Sin Huwei River,Sin Huwei River,,12.0,,97.2,,100000.0,478.0,,8.0,101.2,,,,,0.23,,,,4.5,,,3050.0,29.0,,,27.1,,8.2,2025,351,0.09983812546479776,False,normal,0.4044246213148957
1141,23.751467,120.5081758,2026-07-10 08:00:00,3.25,3.3100384513639023,-0.06003845136390229,Gradient Boosting,Cihtong no. 1 Bridge,Yunlin County,Cihtong Township,Sin Huwei River,Sin Huwei River,0.0041,1.5,0.001,12.2,,25000.0,471.0,0.003,7.3,95.6,0.002,0.003,0.091,0.0003,0.22,0.005,0.61,,3.25,,0.001,247.0,29.4,,1.25,28.8,0.012,8.2,2026,352,0.06003845136390229,False,normal,0.4044246213148957
1142,23.750847,120.4970181,2021-01-04 11:40:00,4.0,3.5204508857303343,0.47954911426966573,Gradient Boosting,Sinhuwei River Bridge,Yunlin County,Cihtong Township,Sin Huwei River,Sin Huwei River,0.003,3.6,0.001,13.5,,91000.0,659.0,0.002,8.3,91.6,0.002,0.003,0.105,0.0003,1.01,0.005,0.91,0.123,4.0,0.001,0.001,89.7,25.4,1.98,0.325,20.1,0.033,8.29,2021,353,0.47954911426966573,True,high,0.4044246213148957
1142,23.750847,120.4970181,2025-10-08 09:40:00,4.5,4.400161874535202,0.09983812546479776,Gradient Boosting,Sinhuwei River Bridge,Yunlin County,Cihtong Township,Sin Huwei River,Sin Huwei River,,10.1,,114.0,,160000.0,497.0,,7.6,97.1,,,,,0.29,,,,4.5,,,3490.0,30.5,,,27.6,,8.2,2025,354,0.09983812546479776,False,normal,0.4044246213148957
1142,23.750847,120.4970181,2026-07-10 09:00:00,3.5,3.483965329007663,0.01603467099233713,Gradient Boosting,Sinhuwei River Bridge,Yunlin County,Cihtong Township,Sin Huwei River,Sin Huwei River,0.0044,5.2,0.001,16.2,,340000.0,505.0,0.003,6.8,91.0,0.002,0.004,0.098,0.0003,0.5,0.005,0.67,,3.5,,0.001,66.5,29.8,,0.096,29.7,0.014,8.1,2026,355,0.01603467099233713,False,normal,0.4044246213148957
1143,23.7435131,120.4223819,2021-01-04 13:40:00,2.5,2.863669368403309,-0.363669368403309,Gradient Boosting,Jhongjheng Bridge,Yunlin County,Huwei Township,Sin Huwei River,Sin Huwei River,0.0026,3.5,0.001,11.0,,46000.0,610.0,0.005,7.1,79.0,0.002,0.003,0.062,0.0003,0.94,0.005,0.96,0.142,2.5,0.001,0.001,33.0,25.1,1.61,1.34,20.5,0.016,8.08,2021,356,0.363669368403309,False,normal,0.4044246213148957
1143,23.7435131,120.4223819,2025-10-08 10:40:00,3.25,3.3499007493975634,-0.09990074939756344,Gradient Boosting,Jhongjheng Bridge,Yunlin County,Huwei Township,Sin Huwei River,Sin Huwei River,,1.2,,37.8,,40000.0,525.0,,7.5,96.4,,,,,0.25,,,,3.25,,,1810.0,31.1,,,28.6,,8.09,2025,357,0.09990074939756344,False,normal,0.4044246213148957
1143,23.7435131,120.4223819,2026-07-10 10:00:00,3.75,3.5793957122076354,0.17060428779236458,Gradient Boosting,Jhongjheng Bridge,Yunlin County,Huwei Township,Sin Huwei River,Sin Huwei River,0.0041,1.6,0.001,10.7,,40000.0,634.0,0.002,5.9,80.2,0.002,0.003,0.064,0.0003,0.49,0.005,1.58,,3.75,,0.001,102.0,31.3,,0.148,30.8,0.012,7.82,2026,358,0.17060428779236458,False,normal,0.4044246213148957
1144,23.7420461,120.3473489,2021-01-04 14:40:00,3.75,3.8954022382794133,-0.14540223827941334,Gradient Boosting,Fon Bridge,Yunlin County,Lunbei Township,Sin Huwei River,Sin Huwei River,0.0082,4.6,0.001,20.8,,42000.0,1180.0,0.005,5.1,61.6,0.002,0.003,0.335,0.0003,2.67,0.005,0.7,0.13,3.75,0.001,0.001,25.3,24.2,4.03,1.38,25.0,0.017,7.88,2021,359,0.14540223827941334,False,normal,0.4044246213148957
1144,23.7420461,120.3473489,2025-10-08 11:40:00,6.5,5.891693653750719,0.6083063462492806,Gradient Boosting,Fon Bridge,Yunlin County,Lunbei Township,Sin Huwei River,Sin Huwei River,,15.6,,31.0,,180000.0,769.0,,5.5,71.6,,,,,0.71,,,,6.5,,,487.0,32.3,,,29.5,,7.6,2025,360,0.6083063462492806,True,high,0.4044246213148957
1144,23.7420461,120.3473489,2026-07-10 11:00:00,5.0,4.570181811227101,0.4298181887728987,Gradient Boosting,Fon Bridge,Yunlin County,Lunbei Township,Sin Huwei River,Sin Huwei River,0.006,2.2,0.001,12.2,,65000.0,1140.0,0.002,4.5,62.0,0.002,0.003,0.259,0.0003,0.94,0.005,1.47,,5.0,,0.001,118.0,31.5,,0.158,32.3,0.011,7.65,2026,361,0.4298181887728987,True,high,0.4044246213148957
1145,23.7403989,120.2457239,2021-01-04 08:20:00,6.25,6.255897264370533,-0.005897264370532618,Gradient Boosting,Hifon Bridge,Yunlin County,Dongshi Township,Sin Huwei River,Sin Huwei River,0.0075,11.9,0.001,31.4,23.5,81000.0,920.0,0.007,5.1,54.0,0.002,0.003,0.474,0.0003,4.88,0.005,0.84,0.137,6.25,0.001,0.001,77.6,18.1,6.16,1.67,18.0,0.078,7.68,2021,362,0.005897264370532618,False,normal,0.4044246213148957
1145,23.7403989,120.2457239,2025-10-08 06:30:00,5.75,5.177546737421446,0.5724532625785539,Gradient Boosting,Hifon Bridge,Yunlin County,Dongshi Township,Sin Huwei River,Sin Huwei River,,8.6,,57.1,12.4,150000.0,669.0,,6.7,82.6,,,,,1.58,,,,5.75,,,2040.0,26.4,,,26.3,,7.78,2025,363,0.5724532625785539,True,high,0.4044246213148957
1145,23.7403989,120.2457239,2026-07-10 13:40:00,4.5,4.12754320781424,0.3724567921857602,Gradient Boosting,Hifon Bridge,Yunlin County,Dongshi Township,Sin Huwei River,Sin Huwei River,0.0066,3.2,0.001,17.7,34.7,31000.0,899.0,0.002,5.8,79.8,0.002,0.003,0.184,0.0003,2.25,0.005,1.55,,4.5,,0.001,78.2,32.0,,0.281,31.8,0.013,7.82,2026,364,0.3724567921857602,False,normal,0.4044246213148957
1147,23.718603,120.57327,2021-01-04 10:50:00,2.25,2.1926495253931173,0.057350474606882695,Gradient Boosting,Shihliuban Bridge,Yunlin County,Douliou City,Beigang River,Beigang River,0.0024,2.7,0.001,13.0,,33000.0,893.0,0.013,12.0,139.4,0.002,0.003,0.314,0.0003,1.09,0.005,3.4,0.18,2.25,0.001,0.001,6.6,21.4,2.84,0.111,23.1,0.037,8.1,2021,365,0.057350474606882695,False,normal,0.4044246213148957
1147,23.718603,120.57327,2026-07-10 07:30:00,1.5,1.4967622978279964,0.003237702172003587,Gradient Boosting,Shihliuban Bridge,Yunlin County,Douliou City,Beigang River,Huwei River,0.0018,1.0,0.001,7.0,,14000.0,496.0,0.003,7.3,96.3,0.002,0.003,0.091,0.0003,0.18,0.005,1.59,,1.5,,0.001,30.2,27.8,,0.112,28.8,0.009,7.9,2026,366,0.003237702172003587,False,normal,0.4044246213148957
1148,23.731215,120.523435,2021-01-04 11:50:00,4.0,4.07498313403785,-0.07498313403784973,Gradient Boosting,Rong Bridge,Yunlin County,Douliou City,Beigang River,Beigang River,0.0037,5.2,0.001,19.0,,39000.0,865.0,0.005,7.8,87.4,0.002,0.003,0.17,0.0003,0.86,0.01,2.8,0.184,4.0,0.001,0.001,70.6,23.2,2.96,0.297,21.0,0.025,7.86,2021,367,0.07498313403784973,False,normal,0.4044246213148957
1148,23.731215,120.523435,2025-10-08 10:30:00,3.75,3.547455182653515,0.20254481734648522,Gradient Boosting,Rong Bridge,Yunlin County,Douliou City,Beigang River,Huwei River,,1.3,,72.6,,45000.0,720.0,,7.1,94.2,,,,,0.62,,,,3.75,,,948.0,31.5,,,30.2,,7.98,2025,368,0.20254481734648522,False,normal,0.4044246213148957
1148,23.731215,120.523435,2026-07-10 08:40:00,4.25,4.179483298561536,0.07051670143846422,Gradient Boosting,Rong Bridge,Yunlin County,Douliou City,Beigang River,Huwei River,0.0034,4.2,0.001,28.4,,70000.0,613.0,0.012,6.5,88.0,0.002,0.01,0.199,0.0003,0.77,0.009,1.24,,4.25,,0.001,357.0,28.7,,0.162,30.2,0.042,8.11,2026,369,0.07051670143846422,False,normal,0.4044246213148957
1149,23.6814511,120.418635,2021-01-04 14:00:00,5.5,5.15485178009151,0.34514821990848965,Gradient Boosting,Tokooda Bridge,Yunlin County,Huwei Township,Beigang River,Beigang River,0.0085,5.0,0.001,22.9,,400000.0,892.0,0.014,5.7,66.4,0.002,0.003,0.275,0.0003,3.42,0.007,2.89,0.275,5.5,0.001,0.001,48.0,23.3,3.37,0.873,23.3,0.024,7.75,2021,370,0.34514821990848965,False,normal,0.4044246213148957
1149,23.6814511,120.418635,2025-10-08 11:40:00,4.25,4.101932663827979,0.14806733617202106,Gradient Boosting,Tokooda Bridge,Yunlin County,Huwei Township,Beigang River,Huwei River,,3.3,,37.3,,220000.0,665.0,,6.1,80.8,,,,,0.33,,,,4.25,,,925.0,32.8,,,30.4,,7.88,2025,371,0.14806733617202106,False,normal,0.4044246213148957
1149,23.6814511,120.418635,2026-07-10 09:50:00,5.0,4.304930289771047,0.6950697102289531,Gradient Boosting,Tokooda Bridge,Yunlin County,Huwei Township,Beigang River,Huwei River,0.0074,2.5,0.001,19.9,,380000.0,688.0,0.005,5.3,72.4,0.002,0.003,0.136,0.0003,1.54,0.006,1.49,,5.0,,0.001,234.0,29.8,,0.18,31.2,0.032,7.89,2026,372,0.6950697102289531,True,high,0.4044246213148957
1150,23.5620278,120.3035833,2021-01-04 16:00:00,3.75,3.7171114189059455,0.03288858109405446,Gradient Boosting,Beigangda Bridge,Yunlin County,Beigang Township,Beigang River,Beigang River,0.0081,3.7,0.001,13.5,,9900.0,889.0,0.004,5.9,64.6,0.002,0.003,0.256,0.0003,2.74,0.007,2.43,0.29,3.75,0.001,0.001,36.5,23.0,5.04,0.806,19.7,0.024,7.86,2021,373,0.03288858109405446,False,normal,0.4044246213148957
1150,23.5620278,120.3035833,2025-10-08 14:50:00,5.0,4.123870990080483,0.8761290099195174,Gradient Boosting,Beigangda Bridge,Yunlin County,Beigang Township,Beigang River,Beigang River,,1.4,,9.2,,13000.0,652.0,,5.4,73.8,,,,,1.24,,,,5.0,,,104.0,32.5,,,32.0,,7.96,2025,374,0.8761290099195174,True,high,0.4044246213148957
1150,23.5620278,120.3035833,2026-07-10 16:01:00,4.25,3.945855911542773,0.30414408845722685,Gradient Boosting,Beigangda Bridge,Yunlin County,Beigang Township,Beigang River,Beigang River,0.0069,1.2,0.001,12.4,,29000.0,603.0,0.003,5.8,79.2,0.002,0.003,0.08,0.0003,0.75,0.005,1.32,,4.25,,0.001,159.0,31.2,,0.14,31.3,0.018,7.98,2026,375,0.30414408845722685,False,normal,0.4044246213148957
1152,23.5137939,120.1779339,2021-01-04 08:00:00,6.75,5.804760853289702,0.9452391467102981,Gradient Boosting,Yunchiada Bridge,Yunlin County,Kouhu Township,Beigang River,Beigang River,0.0117,5.1,0.001,14.8,5400.0,2000.0,16400.0,0.004,7.3,86.2,0.002,0.003,0.005,0.0003,4.26,0.005,1.71,0.479,6.75,0.001,0.001,146.0,17.2,1.94,0.439,17.3,0.002,7.94,2021,376,0.9452391467102981,True,high,0.4044246213148957
1152,23.5137939,120.1779339,2025-10-08 16:10:00,2.5,2.306749306837223,0.19325069316277688,Gradient Boosting,Yunchiada Bridge,Yunlin County,Kouhu Township,Beigang River,Beigang River,,1.3,,10.0,4780.0,2500.0,22100.0,,5.5,80.8,,,,,0.58,,,,2.5,,,38.9,31.3,,,31.6,,7.9,2025,377,0.19325069316277688,False,normal,0.4044246213148957
1152,23.5137939,120.1779339,2026-07-10 11:40:00,5.0,4.843971427084008,0.15602857291599204,Gradient Boosting,Yunchiada Bridge,Yunlin County,Kouhu Township,Beigang River,Beigang River,0.0082,2.1,0.001,20.9,237.0,2500.0,1360.0,0.001,4.2,58.2,0.002,0.003,0.125,0.0003,0.71,0.005,1.38,,5.0,,0.001,379.0,32.2,,0.154,32.6,0.002,7.88,2026,378,0.15602857291599204,False,normal,0.4044246213148957
1153,23.5269311,120.5562131,2021-01-07 12:31:00,1.0,1.0428867179788925,-0.04288671797889254,Gradient Boosting,Songchiuda Bridge,Chiayi County,Jhuci Township,Puzih River,Puzih River,,,,,,,,,,,,,,,,,,,,,,,17.2,,,,,,2021,379,0.04288671797889254,False,normal,0.4044246213148957
1153,23.5269311,120.5562131,2025-10-07 10:00:00,1.0,1.0428867179788925,-0.04288671797889254,Gradient Boosting,Songchiuda Bridge,Chiayi County,Jhuci Township,Puzih River,Puzih River,,1.0,,4.0,,50.0,332.0,,7.5,100.2,,,,,0.01,,,,1.0,,,2.2,35.3,,,29.8,,8.5,2025,380,0.04288671797889254,False,normal,0.4044246213148957
1153,23.5269311,120.5562131,2026-07-25 09:05:00,4.25,4.3758420993771905,-0.12584209937719049,Gradient Boosting,Songchiuda Bridge,Chiayi County,Jhuci Township,Puzih River,Puzih River,0.0008,1.0,0.001,4.0,,650.0,364.0,0.001,8.2,103.6,0.002,0.003,0.009,0.0003,0.01,0.005,0.55,,1.0,,0.001,9.4,30.6,,0.022,26.3,0.006,8.04,2026,381,0.12584209937719049,False,normal,0.4044246213148957
1154,23.5137639,120.4434031,2021-01-07 14:21:06,3.25,3.2428346074375325,0.00716539256246751,Gradient Boosting,Neochoci Bridge,Chiayi City,East District,Puzih River,Puzih River,0.0087,3.7,0.001,29.2,,89000.0,1220.0,0.007,5.6,61.5,0.002,0.004,0.439,0.0003,10.4,0.005,2.61,0.391,4.25,0.001,0.001,17.4,17.5,5.48,0.845,19.7,0.071,7.8,2021,382,0.00716539256246751,False,normal,0.4044246213148957
1154,23.5137639,120.4434031,2025-10-07 12:06:06,2.0,2.410854579625574,-0.4108545796255738,Gradient Boosting,Neochoci Bridge,Chiayi City,East District,Puzih River,Puzih River,,3.5,,19.1,,55000.0,693.0,,5.7,77.4,,,,,1.0,,,,3.25,,,19.9,37.3,,,31.7,,7.68,2025,383,0.4108545796255738,True,low,0.4044246213148957
1154,23.5137639,120.4434031,2026-07-25 10:03:02,6.0,5.756475320521545,0.2435246794784547,Gradient Boosting,Neochoci Bridge,Chiayi City,East District,Puzih River,Puzih River,0.0039,1.0,0.001,9.4,,300000.0,564.0,0.002,7.4,96.8,0.002,0.004,0.135,0.0003,0.78,0.005,1.46,,2.0,,0.001,39.5,31.9,,0.272,29.0,0.016,7.74,2026,384,0.2435246794784547,False,normal,0.4044246213148957
1155,23.5140911,120.3604161,2021-01-07 15:32:00,3.25,3.019465930549328,0.2305340694506719,Gradient Boosting,Yuemeitan Bridge,Chiayi County,Singang Township,Puzih River,Puzih River,0.0073,4.4,0.001,34.1,,97000.0,1670.0,0.013,1.9,20.1,0.002,0.003,0.402,0.0003,15.9,0.005,0.81,0.145,6.0,0.001,0.001,5.4,18.5,8.15,1.84,19.1,0.043,7.66,2021,385,0.2305340694506719,False,normal,0.4044246213148957
1155,23.5140911,120.3604161,2025-10-07 12:58:00,4.25,4.319663421958243,-0.06966342195824282,Gradient Boosting,Yuemeitan Bridge,Chiayi County,Singang Township,Puzih River,Puzih River,,2.2,,17.5,,10000.0,890.0,,7.0,97.4,,,,,3.03,,,,3.25,,,13.6,33.2,,,32.9,,7.84,2025,386,0.06966342195824282,False,normal,0.4044246213148957
1155,23.5140911,120.3604161,2026-07-25 10:59:40,4.25,4.097207103360302,0.1527928966396983,Gradient Boosting,Yuemeitan Bridge,Chiayi County,Singang Township,Puzih River,Puzih River,0.0064,2.3,0.001,18.0,,39000.0,742.0,0.004,5.2,68.8,0.002,0.003,0.113,0.0003,3.13,0.005,1.79,,4.25,,0.001,30.6,30.8,,0.767,29.6,0.019,7.94,2026,387,0.1527928966396983,False,normal,0.4044246213148957
1156,23.48206,120.29326,2021-01-07 15:40:48,2.75,2.883990836945824,-0.13399083694582403,Gradient Boosting,Jieshou Bridge,Chiayi County,Lioujiao Township,Puzih River,Puzih River,0.0117,3.6,0.001,31.1,,9200.0,1640.0,0.01,6.6,73.0,0.002,0.003,0.488,0.0003,13.4,0.018,0.34,0.125,4.25,0.001,0.001,28.2,18.6,6.74,2.36,20.0,0.026,7.71,2021,388,0.13399083694582403,False,normal,0.4044246213148957
1156,23.48206,120.29326,2025-10-07 13:55:05,3.25,3.5422320844474156,-0.29223208444741555,Gradient Boosting,Jieshou Bridge,Chiayi County,Lioujiao Township,Puzih River,Puzih River,,2.1,,18.8,,1400.0,885.0,,7.5,104.1,,,,,2.68,,,,2.75,,,31.5,34.8,,,32.5,,7.88,2025,389,0.29223208444741555,False,normal,0.4044246213148957
1156,23.48206,120.29326,2026-07-25 11:14:03,3.75,3.7959870559477484,-0.045987055947748434,Gradient Boosting,Jieshou Bridge,Chiayi County,Lioujiao Township,Puzih River,Puzih River,0.007,1.2,0.001,15.5,,8100.0,704.0,0.003,5.5,73.4,0.002,0.003,0.114,0.0003,2.09,0.005,1.34,,3.25,,0.001,33.4,32.2,,0.685,30.1,0.013,7.67,2026,390,0.045987055947748434,False,normal,0.4044246213148957
1157,23.4756061,120.2450608,2021-01-07 16:41:08,3.25,3.41222304886769,-0.1622230488676899,Gradient Boosting,Puzih River Bridge,Chiayi County,Puzih City,Puzih River,Puzih River,0.0134,2.3,0.001,28.3,,600.0,1670.0,0.008,6.8,72.0,0.002,0.003,0.436,0.0003,11.2,0.017,1.3,0.499,3.75,0.001,0.001,49.8,16.5,5.52,2.06,18.4,0.019,8.01,2021,391,0.1622230488676899,False,normal,0.4044246213148957
1157,23.4756061,120.2450608,2025-10-07 14:02:31,4.0,3.739121978132297,0.26087802186770315,Gradient Boosting,Puzih River Bridge,Chiayi County,Puzih City,Puzih River,Puzih River,,1.2,,13.1,,1500.0,871.0,,4.8,65.6,,,,,1.16,,,,3.25,,,45.8,33.2,,,32.2,,7.84,2025,392,0.26087802186770315,False,normal,0.4044246213148957
1157,23.4756061,120.2450608,2026-07-25 11:57:56,3.75,3.623517364102265,0.12648263589773512,Gradient Boosting,Puzih River Bridge,Chiayi County,Puzih City,Puzih River,Puzih River,0.008,1.1,0.001,13.5,,1400.0,611.0,0.003,4.0,54.5,0.002,0.003,0.136,0.0003,1.03,0.005,1.25,,4.0,,0.001,39.2,31.3,,0.516,30.9,0.014,7.91,2026,393,0.12648263589773512,False,normal,0.4044246213148957
1158,23.459245,120.1774289,2021-01-07 10:55:17,2.75,3.01637120493749,-0.26637120493749,Gradient Boosting,Dongshihda Bridge,Chiayi County,Dongshih Township,Puzih River,Puzih River,0.01,1.0,0.001,16.2,6530.0,910.0,20500.0,0.005,7.3,82.2,0.002,0.003,0.189,0.0003,4.63,0.008,1.57,0.837,3.75,0.001,0.001,31.4,17.0,3.64,1.23,17.5,0.026,7.88,2021,394,0.26637120493749,False,normal,0.4044246213148957
1158,23.459245,120.1774289,2025-10-07 16:31:00,3.25,3.576094410452766,-0.3260944104527659,Gradient Boosting,Dongshihda Bridge,Chiayi County,Dongshih Township,Puzih River,Puzih River,,1.0,,8.8,5150.0,550.0,15500.0,,5.0,71.6,,,,,0.5,,,,2.75,,,77.3,31.2,,,31.8,,7.79,2025,395,0.3260944104527659,False,normal,0.4044246213148957
1158,23.459245,120.1774289,2026-07-25 13:31:45,1.0,1.0428867179788925,-0.04288671797889254,Gradient Boosting,Dongshihda Bridge,Chiayi County,Dongshih Township,Puzih River,Puzih River,0.0098,1.2,0.001,17.6,968.0,800.0,3830.0,0.003,5.6,75.6,0.002,0.003,0.186,0.0003,0.93,0.005,1.24,,3.25,,0.001,60.7,28.6,,0.572,30.7,0.014,7.84,2026,396,0.04288671797889254,False,normal,0.4044246213148957
1159,23.4388611,120.6059167,2021-01-07 11:50:40,1.0,1.0428867179788925,-0.04288671797889254,Gradient Boosting,Chuko Bridge,Chiayi County,Fanlu Township,Bajhang River,Bajhang River,0.0005,1.0,0.001,4.0,,2600.0,547.0,0.001,9.3,97.9,0.002,0.003,0.013,0.0003,0.03,0.005,0.07,0.003,1.0,0.001,0.001,11.1,14.5,0.77,0.022,17.0,0.008,8.51,2021,397,0.04288671797889254,False,normal,0.4044246213148957
1159,23.4388611,120.6059167,2025-10-07 09:47:00,1.0,1.0428867179788925,-0.04288671797889254,Gradient Boosting,Chuko Bridge,Chiayi County,Fanlu Township,Bajhang River,Bajhang River,,1.0,,4.0,,1100.0,461.0,,8.2,104.8,,,,,0.01,,,,1.0,,,5.0,29.2,,,27.1,,8.48,2025,398,0.04288671797889254,False,normal,0.4044246213148957
1159,23.4388611,120.6059167,2026-07-25 08:44:00,1.5,1.4967622978279964,0.003237702172003587,Gradient Boosting,Chuko Bridge,Chiayi County,Fanlu Township,Bajhang River,Bajhang River,0.0005,1.0,0.001,4.0,,1200.0,450.0,0.001,8.2,102.4,0.002,0.003,0.009,0.0003,0.01,0.005,0.73,,1.0,,0.001,5.9,27.3,,0.021,24.8,0.009,8.49,2026,399,0.003237702172003587,False,normal,0.4044246213148957
1160,23.45125,120.5507778,2021-01-07 11:50:00,2.25,1.9761707425789072,0.27382925742109276,Gradient Boosting,Wuhuliao Bridge,Chiayi County,Jhongpu Township,Bajhang River,Bajhang River,,,,,,,,,,,,,,,,,,,,,,,18.7,,,,,,2021,400,0.27382925742109276,False,normal,0.4044246213148957
1160,23.45125,120.5507778,2025-10-07 10:40:00,2.75,3.0347191181980993,-0.28471911819809925,Gradient Boosting,Wuhuliao Bridge,Chiayi County,Jhongpu Township,Bajhang River,Bajhang River,,1.0,,4.0,,250.0,436.0,,8.2,108.8,,,,,0.01,,,,1.5,,,47.0,32.3,,,28.7,,8.44,2025,401,0.28471911819809925,False,normal,0.4044246213148957
1160,23.45125,120.5507778,2026-07-25 09:44:00,1.0,1.0428867179788925,-0.04288671797889254,Gradient Boosting,Wuhuliao Bridge,Chiayi County,Jhongpu Township,Bajhang River,Bajhang River,0.0014,1.0,0.001,4.0,,1600.0,448.0,0.001,8.2,102.6,0.002,0.004,0.04,0.0003,0.01,0.005,0.62,,2.25,,0.001,50.0,28.0,,0.087,26.1,0.016,8.45,2026,402,0.04288671797889254,False,normal,0.4044246213148957
1161,23.4589167,120.4580556,2021-01-07 13:10:51,1.5,1.4967622978279964,0.003237702172003587,Gradient Boosting,Jyunhui Bridge,Chiayi City,East District,Bajhang River,Bajhang River,0.0025,2.9,0.001,13.9,,190000.0,743.0,0.002,5.6,59.8,0.002,0.003,0.181,0.0003,1.58,0.005,1.1,0.162,2.75,0.001,0.001,10.7,17.8,2.32,0.223,18.9,0.028,7.71,2021,403,0.003237702172003587,False,normal,0.4044246213148957
1161,23.4589167,120.4580556,2025-10-07 11:57:18,3.75,3.7446327001375006,0.005367299862499397,Gradient Boosting,Jyunhui Bridge,Chiayi City,East District,Bajhang River,Bajhang River,,1.5,,7.5,,15000.0,630.0,,10.0,136.4,,,,,0.08,,,,1.0,,,9.6,32.7,,,31.7,,8.04,2025,404,0.005367299862499397,False,normal,0.4044246213148957
1161,23.4589167,120.4580556,2026-07-25 09:58:49,3.75,3.4237162028362,0.32628379716379996,Gradient Boosting,Jyunhui Bridge,Chiayi City,East District,Bajhang River,Bajhang River,0.0014,1.0,0.001,4.1,,4300.0,489.0,0.001,8.1,103.8,0.002,0.003,0.048,0.0003,0.04,0.009,0.76,,1.5,,0.001,26.1,31.4,,0.055,27.9,0.01,8.46,2026,405,0.32628379716379996,False,normal,0.4044246213148957
1162,23.4039167,120.3823056,2021-01-07 13:22:57,2.5,2.1651459738629795,0.33485402613702053,Gradient Boosting,Bajhang River Bridge,Chiayi County,Shueishang Township,Bajhang River,Bajhang River,0.0105,1.2,0.001,17.7,,49000.0,993.0,0.001,6.4,69.0,0.002,0.003,0.648,0.0003,8.45,0.005,0.18,0.177,3.75,0.001,0.001,13.2,19.7,4.26,1.11,19.2,0.007,7.78,2021,406,0.33485402613702053,False,normal,0.4044246213148957
1162,23.4039167,120.3823056,2025-10-07 12:10:00,3.75,3.4803852287338906,0.26961477126610944,Gradient Boosting,Bajhang River Bridge,Chiayi County,Shueishang Township,Bajhang River,Bajhang River,,1.3,,11.6,,74000.0,638.0,,6.6,90.2,,,,,0.69,,,,3.75,,,107.0,32.8,,,31.8,,7.7,2025,407,0.26961477126610944,False,normal,0.4044246213148957
1162,23.4039167,120.3823056,2026-07-25 10:45:06,3.25,3.4205737662350093,-0.1705737662350093,Gradient Boosting,Bajhang River Bridge,Chiayi County,Shueishang Township,Bajhang River,Bajhang River,0.0034,1.0,0.001,7.7,,290000.0,580.0,0.001,6.2,81.0,0.002,0.003,0.096,0.0003,0.61,0.005,1.16,,2.5,,0.001,35.9,32.1,,0.291,29.0,0.009,7.82,2026,408,0.1705737662350093,False,normal,0.4044246213148957
1163,23.3289722,120.2526111,2021-01-07 15:22:00,2.75,2.870123836825092,-0.12012383682509187,Gradient Boosting,Hocin Bridge,Tainan City,Yijhu District,Bajhang River,Bajhang River,,,,,,,,,,,,,,,,,,,,,,,19.9,,,,,,2021,409,0.12012383682509187,False,normal,0.4044246213148957
1163,23.3289722,120.2526111,2025-10-07 13:00:00,3.5,3.6281995628438417,-0.1281995628438417,Gradient Boosting,Hocin Bridge,Tainan City,Yijhu District,Bajhang River,Bajhang River,,1.8,,18.5,,13000.0,670.0,,7.3,100.9,,,,,0.56,,,,3.75,,,178.0,33.4,,,32.4,,7.92,2025,410,0.1281995628438417,False,normal,0.4044246213148957
1163,23.3289722,120.2526111,2026-07-25 10:51:00,3.75,3.668873199878535,0.08112680012146489,Gradient Boosting,Hocin Bridge,Tainan City,Yijhu District,Bajhang River,Bajhang River,0.0049,1.0,0.001,13.7,,12000.0,610.0,0.002,6.0,80.1,0.002,0.003,0.118,0.0003,0.57,0.005,1.26,,3.25,,0.001,89.7,33.0,,0.296,29.9,0.02,7.87,2026,411,0.08112680012146489,False,normal,0.4044246213148957
1164,23.3127778,120.1527778,2021-01-07 09:49:58,1.0,1.253320402632711,-0.25332040263271094,Gradient Boosting,Chiananda Bridge,Tainan City,Beimen District,Bajhang River,Bajhang River,0.0096,1.1,0.001,17.6,7440.0,1900.0,22600.0,0.004,7.1,80.5,0.002,0.003,0.07,0.0003,1.18,0.005,1.27,0.404,2.75,0.001,0.001,47.0,17.6,3.02,0.328,17.8,0.016,8.11,2021,412,0.25332040263271094,False,normal,0.4044246213148957
1164,23.3127778,120.1527778,2025-10-07 15:18:25,1.5,1.4967622978279964,0.003237702172003587,Gradient Boosting,Chiananda Bridge,Tainan City,Beimen District,Bajhang River,Bajhang River,,5.1,,30.0,1800.0,300.0,6020.0,,13.1,182.5,,,,,0.01,,,,3.5,,,85.3,31.4,,,32.1,,8.42,2025,413,0.003237702172003587,False,normal,0.4044246213148957
1164,23.3127778,120.1527778,2026-07-25 13:11:40,7.25,6.641011427007105,0.608988572992895,Gradient Boosting,Chiananda Bridge,Tainan City,Beimen District,Bajhang River,Bajhang River,0.0047,1.0,0.001,13.5,34.4,3200.0,652.0,0.003,6.4,85.2,0.002,0.004,0.121,0.0003,0.3,0.005,1.3,,3.75,,0.001,104.0,29.4,,0.204,30.0,0.022,8.13,2026,414,0.608988572992895,True,high,0.4044246213148957
1165,23.3630089,120.4542358,2025-10-07 10:00:32,1.5,1.4967622978279964,0.003237702172003587,Gradient Boosting,Mugiliao,Tainan City,Baihe Township,Jishuei River,Baishuei River,,1.0,,23.4,,500.0,532.0,,9.2,123.1,,,,,0.01,,,,1.0,,,15.3,29.6,,,30.5,,8.13,2025,415,0.003237702172003587,False,normal,0.4044246213148957
1165,23.3630089,120.4542358,2026-07-25 08:54:35,3.25,3.3499007493975634,-0.09990074939756344,Gradient Boosting,Mugiliao,Tainan City,Baihe Township,Jishuei River,Baishuei River,0.004,1.0,0.001,8.7,,750.0,478.0,0.002,7.8,100.7,0.002,0.004,0.065,0.0003,0.03,0.005,0.29,,1.5,,0.001,32.2,30.9,,0.073,28.2,0.014,8.2,2026,416,0.09990074939756344,False,normal,0.4044246213148957
1165,23.3630089,120.4542358,2021-01-07 11:45:00,2.0,1.920226944185925,0.07977305581407501,Gradient Boosting,Mugiliao,Tainan City,Baihe Township,Jishuei River,Jishuei River,,,,,,,,,,,,,,,,,,,,,,,18.5,,,,,,2021,417,0.07977305581407501,False,normal,0.4044246213148957
1166,23.3296111,120.4144167,2021-01-07 12:14:56,3.25,3.5577030267056773,-0.3077030267056773,Gradient Boosting,Chinyie Bridge,Tainan City,Baihe Township,Jishuei River,Jishuei River,0.0276,12.0,0.001,135.0,,810000.0,970.0,0.037,5.2,55.4,0.002,0.041,1.31,0.0003,9.62,0.056,0.4,0.233,7.25,0.001,0.001,1550.0,16.7,4.7,0.555,18.2,0.172,7.93,2021,418,0.3077030267056773,False,normal,0.4044246213148957
1166,23.3296111,120.4144167,2026-07-25 09:53:42,4.0,4.153745363955465,-0.15374536395546468,Gradient Boosting,Chinyie Bridge,Tainan City,Baihe Township,Jishuei River,Lioujhong River,0.0052,1.0,0.001,8.1,,6700.0,695.0,0.001,6.7,89.4,0.002,0.003,0.208,0.0003,0.3,0.005,1.03,,1.5,,0.001,37.1,32.3,,0.081,29.6,0.009,7.91,2026,419,0.15374536395546468,False,normal,0.4044246213148957
1166,23.3386939,120.4071881,2025-10-07 11:01:13,5.75,4.745953716508228,1.004046283491772,Gradient Boosting,Chinyie Bridge,Tainan City,Baihe Township,Jishuei River,Lioujhong River,,1.6,,41.1,,290000.0,408.0,,6.8,89.5,,,,,0.22,,,,3.25,,,891.0,31.8,,,29.6,,7.85,2025,420,1.004046283491772,True,high,0.4044246213148957
1167,23.296115,120.32414,2021-01-07 14:36:00,4.0,4.153745363955465,-0.15374536395546468,Gradient Boosting,Jishueici Bridge,Tainan City,Liouying Township,Jishuei River,Jishuei River,,,,,,,,,,,,,,,,,,,,,,,19.0,,,,,,2021,421,0.15374536395546468,False,normal,0.4044246213148957
1167,23.296115,120.32414,2025-10-07 13:30:00,2.25,2.398023420704911,-0.14802342070491115,Gradient Boosting,Jishueici Bridge,Tainan City,Liouying Township,Jishuei River,Jishuei River,,1.0,,7.9,,4000.0,616.0,,5.7,77.4,,,,,0.33,,,,2.0,,,44.5,33.7,,,31.6,,7.84,2025,422,0.14802342070491115,False,normal,0.4044246213148957
1167,23.296115,120.32414,2026-07-25 11:45:21,1.5,1.4967622978279964,0.003237702172003587,Gradient Boosting,Jishueici Bridge,Tainan City,Liouying Township,Jishuei River,Jishuei River,0.0081,1.2,0.001,14.5,,7700.0,687.0,0.002,4.5,59.8,0.002,0.003,0.179,0.0003,0.74,0.005,1.61,,3.25,,0.014,40.2,31.1,,0.336,29.7,0.017,7.68,2026,423,0.003237702172003587,False,normal,0.4044246213148957
1168,23.2535278,120.2035556,2021-01-07 11:07:00,1.5,1.4967622978279964,0.003237702172003587,Gradient Boosting,Jhaigon Bridge,Tainan City,Syuejia Township,Jishuei River,Jishuei River,,,,,,,,,,,,,,,,,,,,,,,16.3,,,,,,2021,424,0.003237702172003587,False,normal,0.4044246213148957
1168,23.2535278,120.2035556,2025-10-07 16:00:00,1.5,1.4967622978279964,0.003237702172003587,Gradient Boosting,Jhaigon Bridge,Tainan City,Syuejia Township,Jishuei River,Jishuei River,,1.9,,17.8,261.0,3000.0,1150.0,,3.2,43.5,,,,,1.95,,,,4.0,,,35.0,31.4,,,31.8,,7.86,2025,425,0.003237702172003587,False,normal,0.4044246213148957
1169,23.2915881,120.1443031,2021-01-07 09:40:00,1.5,1.4967622978279964,0.003237702172003587,Gradient Boosting,Nankunsan,Tainan City,Beimen District,Jishuei River,Jishuei River,,,,,,,,,,,,,,,,,,,,,,,13.2,,,,,,2021,426,0.003237702172003587,False,normal,0.4044246213148957
1169,23.2915881,120.1443031,2025-10-07 15:00:00,1.5,1.4967622978279964,0.003237702172003587,Gradient Boosting,Nankunsan,Tainan City,Beimen District,Jishuei River,Jishuei River,,1.0,,15.1,12500.0,150.0,33400.0,,4.4,68.6,,,,,1.28,,,,5.75,,,148.0,33.8,,,32.8,,7.71,2025,427,0.003237702172003587,False,normal,0.4044246213148957
1169,23.2915881,120.1443031,2026-07-25 13:14:36,2.75,2.5962948953160656,0.1537051046839344,Gradient Boosting,Nankunsan,Tainan City,Beimen District,Jishuei River,Jishuei River,0.0092,2.0,0.001,18.1,6790.0,1400.0,20500.0,0.002,3.9,54.6,0.002,0.003,0.129,0.0003,1.7,0.005,0.5,,4.0,,0.001,39.0,28.6,,0.617,30.0,0.029,7.72,2026,428,0.1537051046839344,False,normal,0.4044246213148957
1175,23.1923008,120.4880931,2021-01-08 12:02:00,1.5,1.4967622978279964,0.003237702172003587,Gradient Boosting,Zengwun no.1 Bridge,Tainan City,Nansi District,Zengwun River,Zengwun River,,,,,,,,,,,,,,,,,,,,,,,13.8,,,,,,2021,429,0.003237702172003587,False,normal,0.4044246213148957
1175,23.1923008,120.4880931,2025-10-15 12:30:00,2.25,2.328944688801612,-0.0789446888016121,Gradient Boosting,Zengwun no.1 Bridge,Tainan City,Nansi District,Zengwun River,Zengwun River,,,,,,,,,,,,,,,,,,,,,,,32.1,,,,,,2025,430,0.0789446888016121,False,normal,0.4044246213148957
1175,23.1923008,120.4880931,2026-07-15 09:58:00,4.5,4.344345567343586,0.155654432656414,Gradient Boosting,Zengwun no.1 Bridge,Tainan City,Nansi District,Zengwun River,Zengwun River,0.0015,1.0,0.001,4.5,,1200.0,558.0,0.002,7.1,99.7,0.002,0.003,0.072,0.0003,0.02,0.005,0.55,,2.25,,0.001,75.2,33.6,,0.176,31.9,0.01,8.21,2026,431,0.155654432656414,False,normal,0.4044246213148957
1176,23.117881,120.4583131,2021-01-08 12:11:00,1.5,1.4967622978279964,0.003237702172003587,Gradient Boosting,Yujing Bridge,Tainan City,Yujing District,Zengwun River,Zengwun River,,,,,,,,,,,,,,,,,,,,,,,17.6,,,,,,2021,432,0.003237702172003587,False,normal,0.4044246213148957
1176,23.117881,120.4583131,2025-10-15 12:42:38,2.0,1.920226944185925,0.07977305581407501,Gradient Boosting,Yujing Bridge,Tainan City,Yujing District,Zengwun River,Zengwun River,,1.1,,9.6,,2400.0,504.0,,6.8,93.3,,,,,0.09,,,,1.5,,,21.5,33.5,,,31.8,,8.16,2025,433,0.07977305581407501,False,normal,0.4044246213148957
1176,23.117881,120.4583131,2026-07-15 10:13:33,3.25,3.3100384513639023,-0.06003845136390229,Gradient Boosting,Yujing Bridge,Tainan City,Yujing District,Zengwun River,Zengwun River,0.0019,1.0,0.001,4.1,,320.0,564.0,0.001,7.3,99.4,0.002,0.003,0.049,0.0003,0.01,0.005,0.77,,1.5,,0.001,43.3,33.9,,0.043,31.3,0.006,8.21,2026,434,0.06003845136390229,False,normal,0.4044246213148957
1177,23.1156619,120.384388,2021-01-08 13:30:00,2.25,2.398023420704911,-0.14802342070491115,Gradient Boosting,Erncida Bridge,Tainan City,Danei District,Zengwun River,Zengwun River,0.0024,1.0,0.001,7.8,,1300.0,686.0,0.001,10.9,106.7,0.002,0.003,0.034,0.0003,0.07,0.005,0.48,0.008,1.5,0.001,0.001,23.1,12.7,1.65,0.03,14.5,0.004,8.31,2021,435,0.14802342070491115,False,normal,0.4044246213148957
1177,23.1156619,120.384388,2025-10-15 13:48:39,2.0,1.920226944185925,0.07977305581407501,Gradient Boosting,Erncida Bridge,Tainan City,Danei District,Zengwun River,Zengwun River,,1.0,,8.6,,250.0,510.0,,7.4,99.4,,,,,0.02,,,,1.5,,,25.2,30.4,,,30.7,,8.2,2025,436,0.07977305581407501,False,normal,0.4044246213148957
1177,23.1156619,120.384388,2026-07-15 11:20:30,2.0,2.063333693939753,-0.06333369393975286,Gradient Boosting,Erncida Bridge,Tainan City,Danei District,Zengwun River,Zengwun River,0.0022,1.0,0.001,4.8,,420.0,569.0,0.001,7.2,99.4,0.002,0.003,0.041,0.0003,0.03,0.005,0.88,,1.5,,0.001,33.0,36.5,,0.048,32.2,0.006,8.22,2026,437,0.06333369393975286,False,normal,0.4044246213148957
1179,23.1555419,120.3380739,2021-01-08 15:41:58,1.5,1.4967622978279964,0.003237702172003587,Gradient Boosting,Zengwun River Bridge,Tainan City,Sinshih District,Zengwun River,Zengwun River,0.0054,1.5,0.001,15.1,,3900.0,979.0,0.001,10.1,98.0,0.002,0.003,0.139,0.0003,1.11,0.005,1.07,0.117,2.75,0.001,0.001,31.5,13.0,3.93,0.086,14.2,0.01,8.22,2021,438,0.003237702172003587,False,normal,0.4044246213148957
1179,23.1555419,120.3380739,2025-10-15 15:03:47,2.75,2.792781344906123,-0.04278134490612295,Gradient Boosting,Zengwun River Bridge,Tainan City,Sinshih District,Zengwun River,Zengwun River,,1.1,,6.0,,1600.0,631.0,,8.1,110.9,,,,,0.13,,,,1.5,,,45.1,31.8,,,31.5,,8.06,2025,439,0.04278134490612295,False,normal,0.4044246213148957
1179,23.1555419,120.3380739,2026-07-15 13:33:23,1.0,1.1994468107377063,-0.19944681073770631,Gradient Boosting,Zengwun River Bridge,Tainan City,Sinshih District,Zengwun River,Zengwun River,0.0027,1.0,0.001,7.0,,1500.0,634.0,0.002,7.2,98.3,0.002,0.003,0.068,0.0003,0.09,0.005,0.55,,2.25,,0.001,55.7,34.6,,0.11,31.5,0.017,8.24,2026,440,0.19944681073770631,False,normal,0.4044246213148957
1180,23.1714611,120.2607289,2021-01-08 10:35:00,1.0,1.0428867179788925,-0.04288671797889254,Gradient Boosting,Marsonda Bridge,Tainan City,Madou District,Zengwun River,Zengwun River,0.0079,7.7,0.001,23.7,2030.0,600.0,7000.0,0.01,9.6,99.1,0.002,0.006,0.136,0.0003,0.04,0.01,2.22,0.076,4.5,0.001,0.001,210.0,14.0,1.66,0.368,16.2,0.032,8.38,2021,441,0.04288671797889254,False,normal,0.4044246213148957
1181,23.1087689,120.2049361,2021-01-08 10:31:24,1.0,1.0428867179788925,-0.04288671797889254,Gradient Boosting,Sigangda Bridge,Tainan City,Sigang District,Zengwun River,Zengwun River,0.0049,1.3,0.001,9.5,7620.0,310.0,22900.0,0.005,8.6,92.4,0.002,0.003,0.036,0.0003,0.25,0.005,1.75,0.096,1.5,0.001,0.001,34.3,12.2,1.92,0.159,15.2,0.021,8.28,2021,442,0.04288671797889254,False,normal,0.4044246213148957
1181,23.1087689,120.2049361,2025-10-15 11:06:10,1.0,1.0428867179788925,-0.04288671797889254,Gradient Boosting,Sigangda Bridge,Tainan City,Sigang District,Zengwun River,Zengwun River,,1.0,,6.8,5310.0,200.0,16800.0,,5.7,82.9,,,,,0.19,,,,2.0,,,25.5,32.1,,,32.4,,7.89,2025,443,0.04288671797889254,False,normal,0.4044246213148957
1181,23.1087689,120.2049361,2026-07-15 16:14:50,1.0,1.0428867179788925,-0.04288671797889254,Gradient Boosting,Sigangda Bridge,Tainan City,Sigang District,Zengwun River,Zengwun River,0.0044,1.0,0.001,12.8,320.0,30000.0,1580.0,0.007,6.6,88.2,0.002,0.005,0.181,0.0003,0.23,0.009,0.48,,3.25,,0.001,281.0,33.4,,0.195,30.6,0.034,8.1,2026,444,0.04288671797889254,False,normal,0.4044246213148957
1182,23.0858,120.13482,2021-01-08 09:25:00,6.0,6.007121121235964,-0.00712112123596409,Gradient Boosting,Guoshen Bridge,Tainan City,Annan District,Zengwun River,Zengwun River,0.0043,1.0,0.001,12.1,12300.0,60.0,34100.0,0.004,8.5,96.9,0.002,0.003,0.043,0.0003,0.12,0.005,1.25,0.073,2.25,0.001,0.001,70.8,13.6,0.99,0.106,15.7,0.026,8.12,2021,445,0.00712112123596409,False,normal,0.4044246213148957
1182,23.0858,120.13482,2025-10-15 10:23:10,5.0,4.912224296289098,0.08777570371090171,Gradient Boosting,Guoshen Bridge,Tainan City,Annan District,Zengwun River,Zengwun River,,1.4,,8.4,10900.0,290.0,31400.0,,5.6,88.0,,,,,0.16,,,,2.0,,,36.0,30.4,,,32.3,,7.88,2025,446,0.08777570371090171,False,normal,0.4044246213148957
1182,23.0858,120.13482,2026-07-15 15:32:34,4.25,4.319663421958243,-0.06966342195824282,Gradient Boosting,Guoshen Bridge,Tainan City,Annan District,Zengwun River,Zengwun River,0.0023,1.0,0.001,10.1,4920.0,200.0,15500.0,0.003,6.4,89.8,0.002,0.003,0.053,0.0003,0.22,0.005,0.41,,2.0,,0.001,47.8,33.7,,0.124,31.5,0.015,8.02,2026,447,0.06966342195824282,False,normal,0.4044246213148957
1183,23.0970608,120.3698981,2025-10-15 14:41:08,5.0,5.053133896174099,-0.05313389617409925,Gradient Boosting,Yufonda Bridge,Tainan City,Shanshang District,Zengwun River,Cailiao River,,1.0,,9.5,,750.0,996.0,,8.1,110.2,,,,,0.01,,,,1.5,,,39.0,34.4,,,31.5,,7.93,2025,448,0.05313389617409925,False,normal,0.4044246213148957
1183,23.0970608,120.3698981,2026-07-15 13:11:45,5.5,5.04442303148365,0.45557696851635043,Gradient Boosting,Yufonda Bridge,Tainan City,Shanshang District,Zengwun River,Cailiao River,0.0011,1.0,0.001,8.5,,2100.0,617.0,0.003,6.3,86.4,0.002,0.003,0.038,0.0003,0.06,0.005,0.43,,2.75,,0.001,56.2,34.0,,0.082,32.1,0.008,8.0,2026,449,0.45557696851635043,True,high,0.4044246213148957
1183,23.0970608,120.3698981,2021-01-08 14:31:30,4.5,4.620162491976379,-0.1201624919763793,Gradient Boosting,Yufonda Bridge,Tainan City,Shanshang District,Zengwun River,Zengwun River,0.0029,1.0,0.001,15.9,,130.0,1000.0,0.003,8.6,89.2,0.002,0.003,0.022,0.0003,0.07,0.005,0.57,0.007,1.0,0.001,0.001,10.3,13.6,2.0,0.024,17.1,0.012,8.24,2021,450,0.1201624919763793,False,normal,0.4044246213148957
1184,23.0592164,120.3632056,2021-01-06 10:22:00,4.5,4.620162491976379,-0.1201624919763793,Gradient Boosting,Tonsin Bridge,Tainan City,Zuojhen District,Yanshuei River,Yanshuei River,,,,,,,,,,,,,,,,,,,,,,,21.2,,,,,,2021,451,0.1201624919763793,False,normal,0.4044246213148957
1184,23.0592164,120.3632056,2025-10-08 09:31:00,4.5,4.403922687078532,0.0960773129214676,Gradient Boosting,Tonsin Bridge,Tainan City,Zuojhen District,Yanshuei River,Yanshuei River,,,,,,,,,,,,,,,,,,,,,,,34.8,,,,,,2025,452,0.0960773129214676,False,normal,0.4044246213148957
1184,23.0592164,120.3632056,2026-07-16 13:02:20,5.0,4.986063942254476,0.013936057745524089,Gradient Boosting,Tonsin Bridge,Tainan City,Zuojhen District,Yanshuei River,Yanshuei River,0.0056,1.0,0.001,6.4,,450.0,545.0,0.001,8.4,116.6,0.002,0.003,0.093,0.0003,0.03,0.005,0.22,,1.0,,0.001,5.6,36.8,,0.067,32.4,0.004,8.19,2026,453,0.013936057745524089,False,normal,0.4044246213148957
1185,23.0723,120.35825,2021-01-06 11:00:17,6.25,5.796880129797723,0.4531198702022774,Gradient Boosting,Chenniao Bridge,Tainan City,Sinhua District,Yanshuei River,Yanshuei River,0.003,1.0,0.001,6.3,,480.0,576.0,0.001,8.4,90.6,0.002,0.003,0.04,0.0003,0.05,0.005,0.1,0.003,1.0,0.001,0.001,3.3,22.4,1.43,0.05,19.4,0.003,7.87,2021,454,0.4531198702022774,True,high,0.4044246213148957
1185,23.0723,120.35825,2025-10-08 10:17:29,5.0,4.670387246661199,0.32961275333880113,Gradient Boosting,Chenniao Bridge,Tainan City,Sinhua District,Yanshuei River,Yanshuei River,,1.0,,6.7,,2300.0,556.0,,8.0,103.0,,,,,0.01,,,,1.0,,,5.3,34.7,,,28.3,,8.14,2025,455,0.32961275333880113,False,normal,0.4044246213148957
1185,23.0723,120.35825,2026-07-16 13:53:55,8.0,7.556168695760051,0.4438313042399491,Gradient Boosting,Chenniao Bridge,Tainan City,Sinhua District,Yanshuei River,Yanshuei River,0.006,1.0,0.001,6.9,,3200.0,580.0,0.001,8.1,112.2,0.002,0.003,0.153,0.0003,0.04,0.005,1.45,,1.0,,0.001,10.7,35.3,,0.088,32.2,0.003,8.02,2026,456,0.4438313042399491,True,high,0.4044246213148957
1186,23.0582166,120.2770993,2021-01-06 12:00:16,4.5,4.514486662261364,-0.014486662261363747,Gradient Boosting,Fonhua Bridge,Tainan City,Sinhua District,Yanshuei River,Yanshuei River,0.0095,18.4,0.001,37.5,,5100000.0,1100.0,0.004,4.6,50.6,0.002,0.003,0.274,0.0003,10.4,0.111,2.22,0.54,6.0,0.001,0.001,12.3,22.6,12.5,8.58,20.4,0.029,7.51,2021,457,0.014486662261363747,False,normal,0.4044246213148957
1186,23.0582166,120.2770993,2025-10-08 11:11:29,5.0,4.691266874503387,0.30873312549661325,Gradient Boosting,Fonhua Bridge,Tainan City,Sinhua District,Yanshuei River,Yanshuei River,,2.9,,21.4,,620000.0,775.0,,3.7,50.6,,,,,3.85,,,,5.0,,,38.0,34.3,,,31.1,,7.8,2025,458,0.30873312549661325,False,normal,0.4044246213148957
1186,23.0582166,120.2770993,2026-07-16 14:55:18,5.75,4.991313161233253,0.7586868387667467,Gradient Boosting,Fonhua Bridge,Tainan City,Sinhua District,Yanshuei River,Yanshuei River,0.0103,2.8,0.001,18.9,,280000.0,722.0,0.002,4.6,64.0,0.002,0.003,0.305,0.0003,3.85,0.008,0.99,,4.25,,0.001,37.2,32.8,,1.97,32.5,0.01,7.76,2026,459,0.7586868387667467,True,high,0.4044246213148957
1187,23.0249911,120.2155461,2021-01-06 08:55:54,3.75,3.7417684696328406,0.008231530367159401,Gradient Boosting,Taiping Bridge,Tainan City,Yongkang District,Yanshuei River,Yanshuei River,0.0083,3.4,0.001,27.4,3670.0,250000.0,12200.0,0.018,2.6,29.9,0.002,0.004,0.11,0.0003,9.3,0.025,3.67,0.21,5.0,0.001,0.001,10.0,20.9,6.42,11.1,20.6,0.038,7.43,2021,460,0.008231530367159401,False,normal,0.4044246213148957
1187,23.0249911,120.2155461,2025-10-08 15:34:50,3.25,3.753064439762035,-0.503064439762035,Gradient Boosting,Taiping Bridge,Tainan City,Yongkang District,Yanshuei River,Yanshuei River,,3.6,,13.3,3000.0,54000.0,9280.0,,4.0,56.0,,,,,4.48,,,,5.5,,,21.6,33.4,,,32.2,,7.41,2025,461,0.503064439762035,True,low,0.4044246213148957
1187,23.0249911,120.2155461,2026-07-16 17:06:16,4.0,3.8683856706620556,0.13161432933794437,Gradient Boosting,Taiping Bridge,Tainan City,Yongkang District,Yanshuei River,Yanshuei River,0.0079,2.8,0.001,23.9,1000.0,150000.0,4320.0,0.011,4.2,56.8,0.002,0.003,0.141,0.0003,4.49,0.008,3.14,,4.5,,0.001,18.8,31.2,,10.9,30.2,0.016,7.52,2026,462,0.13161432933794437,False,normal,0.4044246213148957
1188,23.0197731,120.1924681,2021-01-06 07:55:09,3.75,3.6916462899023124,0.05835371009768764,Gradient Boosting,Yanshuei River Bridge,Tainan City,Annan District,Yanshuei River,Yanshuei River,0.0046,2.3,0.001,19.1,12700.0,300000.0,36900.0,0.007,2.1,27.8,0.002,0.003,0.11,0.0003,4.75,0.015,1.32,0.113,4.5,0.001,0.001,11.9,20.2,1.75,4.88,20.3,0.029,7.62,2021,463,0.05835371009768764,False,normal,0.4044246213148957
1188,23.0197731,120.1924681,2025-10-08 14:36:29,3.25,3.3801251899340454,-0.13012518993404543,Gradient Boosting,Yanshuei River Bridge,Tainan City,Annan District,Yanshuei River,Yanshuei River,,3.0,,12.8,10700.0,210000.0,30000.0,,3.3,48.3,,,,,3.23,,,,4.5,,,16.0,33.0,,,32.0,,7.54,2025,464,0.13012518993404543,False,normal,0.4044246213148957
1188,23.0197731,120.1924681,2026-07-16 16:12:24,4.5,4.058091085833297,0.44190891416670297,Gradient Boosting,Yanshuei River Bridge,Tainan City,Annan District,Yanshuei River,Yanshuei River,0.0065,3.6,0.001,18.2,6140.0,450000.0,19700.0,0.004,3.2,46.1,0.002,0.003,0.096,0.0003,3.65,0.005,1.86,,5.0,,0.001,15.5,31.6,,6.5,31.4,0.011,7.54,2026,465,0.44190891416670297,True,high,0.4044246213148957
1190,22.8880181,120.396335,2021-01-06 10:35:23,6.75,6.64858627351794,0.10141372648206026,Gradient Boosting,Gootin Bridge,Kaohsiung City,Tianliao District,Erren River,Erren River,0.0044,8.7,0.001,31.7,,50000.0,702.0,0.01,3.0,33.2,0.002,0.003,0.107,0.0003,10.1,0.005,0.45,0.237,6.25,0.001,0.001,21.0,24.0,4.86,1.06,19.9,0.04,7.63,2021,466,0.10141372648206026,False,normal,0.4044246213148957
1190,22.8880181,120.396335,2025-10-03 14:11:32,8.0,7.467740342898983,0.532259657101017,Gradient Boosting,Gootin Bridge,Kaohsiung City,Tianliao District,Erren River,Erren River,,2.2,,12.9,,40000.0,572.0,,3.4,46.2,,,,,0.78,,,,5.0,,,102.0,35.1,,,31.4,,7.85,2025,467,0.532259657101017,True,high,0.4044246213148957
1190,22.8880181,120.396335,2026-07-17 10:41:11,6.75,6.063273475788976,0.6867265242110241,Gradient Boosting,Gootin Bridge,Kaohsiung City,Tianliao District,Erren River,Erren River,0.01,7.7,0.001,28.1,,570000.0,574.0,0.002,1.3,18.2,0.002,0.003,0.232,0.0003,3.75,0.005,0.15,,8.0,,0.001,88.8,31.9,,1.27,30.8,0.01,7.71,2026,468,0.6867265242110241,True,high,0.4044246213148957
1191,22.8756944,120.3621667,2021-01-06 11:35:00,1.0,1.0428867179788925,-0.04288671797889254,Gradient Boosting,Chongdeda Bridge,Kaohsiung City,Tianliao District,Erren River,Erren River,0.0051,1.2,0.001,15.6,,3100.0,585.0,0.001,3.9,43.5,0.002,0.003,0.125,0.0003,5.36,0.005,0.64,0.297,4.5,0.001,0.001,11.1,22.5,3.39,0.59,20.2,0.006,7.8,2021,469,0.04288671797889254,False,normal,0.4044246213148957
1191,22.8756944,120.3621667,2025-10-03 14:33:28,2.25,2.068893640687854,0.18110635931214603,Gradient Boosting,Chongdeda Bridge,Kaohsiung City,Tianliao District,Erren River,Erren River,,1.8,,12.6,,13000.0,630.0,,3.0,40.8,,,,,0.94,,,,5.0,,,101.0,36.2,,,31.8,,7.81,2025,470,0.18110635931214603,False,normal,0.4044246213148957
1191,22.8756944,120.3621667,2026-07-17 11:02:41,1.5,1.5258336261382865,-0.025833626138286547,Gradient Boosting,Chongdeda Bridge,Kaohsiung City,Tianliao District,Erren River,Erren River,0.0099,1.8,0.001,23.4,,35000.0,677.0,0.004,3.6,48.7,0.002,0.004,0.203,0.0003,1.63,0.005,1.1,,5.75,,0.001,285.0,36.3,,0.5,30.6,0.012,7.76,2026,471,0.025833626138286547,False,normal,0.4044246213148957
1192,22.9155,120.2260833,2021-01-06 08:22:58,7.25,6.720861187839878,0.5291388121601219,Gradient Boosting,Erntsuncin Bridge,Tainan City,Rende District,Erren River,Erren River,0.0103,4.2,0.001,21.0,9660.0,3400.0,26700.0,0.004,7.0,84.3,0.002,0.003,0.167,0.0003,6.67,0.005,1.83,0.429,3.75,0.001,0.001,17.5,19.3,3.18,1.09,19.4,0.04,8.11,2021,472,0.5291388121601219,True,high,0.4044246213148957
1192,22.9155,120.2260833,2025-10-03 11:55:19,4.5,4.12754320781424,0.3724567921857602,Gradient Boosting,Erntsuncin Bridge,Tainan City,Rende District,Erren River,Erren River,,11.6,,32.7,4750.0,98000.0,15500.0,,12.2,173.2,,,,,0.97,,,,3.25,,,35.2,33.6,,,32.5,,8.25,2025,473,0.3724567921857602,False,normal,0.4044246213148957
1192,22.9155,120.2260833,2026-07-17 17:58:07,3.75,3.527676198221634,0.2223238017783662,Gradient Boosting,Erntsuncin Bridge,Tainan City,Rende District,Erren River,Erren River,0.0052,3.0,0.001,12.4,5640.0,280000.0,16800.0,0.003,4.9,66.7,0.002,0.003,0.097,0.0003,1.32,0.005,0.66,,4.0,,0.001,65.5,26.5,,0.396,28.8,0.033,7.88,2026,474,0.2223238017783662,False,normal,0.4044246213148957
1193,22.918726,120.184586,2021-01-06 08:03:00,4.75,4.930184629764481,-0.18018462976448113,Gradient Boosting,Nandin Bridge,Tainan City,South District,Erren River,Erren River,0.006,2.1,0.001,13.3,14400.0,98000.0,40300.0,0.007,5.8,73.7,0.002,0.003,0.062,0.0003,3.97,0.014,0.44,0.192,3.75,0.001,0.001,18.8,20.5,1.02,0.47,20.1,0.021,7.86,2021,475,0.18018462976448113,False,normal,0.4044246213148957
1193,22.918726,120.184586,2025-10-03 11:40:56,6.75,6.64858627351794,0.10141372648206026,Gradient Boosting,Nandin Bridge,Tainan City,South District,Erren River,Erren River,,2.4,,10.7,9840.0,77000.0,28400.0,,5.2,80.6,,,,,1.69,,,,3.25,,,32.6,32.1,,,30.9,,8.04,2025,476,0.10141372648206026,False,normal,0.4044246213148957
1193,22.918726,120.184586,2026-07-17 16:52:43,6.25,5.796880129797723,0.4531198702022774,Gradient Boosting,Nandin Bridge,Tainan City,South District,Erren River,Erren River,0.0052,3.7,0.001,9.7,9910.0,63000.0,28400.0,0.002,5.4,83.3,0.002,0.003,0.062,0.0003,1.64,0.005,0.35,,4.5,,0.001,55.7,26.3,,0.37,29.2,0.009,7.92,2026,477,0.4531198702022774,True,high,0.4044246213148957
1195,22.9275261,120.2216131,2021-01-06 13:18:00,3.25,3.3499007493975634,-0.09990074939756344,Gradient Boosting,Wukon Bridge,Tainan City,Rende District,Erren River,Erren River,0.0094,11.6,0.001,51.2,,4000000.0,1220.0,0.072,1.3,15.1,0.002,0.003,0.127,0.0003,15.3,0.275,1.24,0.499,6.75,0.001,0.001,13.3,22.7,8.43,1.24,21.1,0.054,7.7,2021,478,0.09990074939756344,False,normal,0.4044246213148957
1195,22.9275261,120.2216131,2025-10-03 16:28:34,3.25,3.3499007493975634,-0.09990074939756344,Gradient Boosting,Wukon Bridge,Tainan City,Rende District,Erren River,Sanyegong River,,6.4,,31.3,,350000.0,974.0,,1.6,21.8,,,,,7.49,,,,8.0,,,55.8,33.1,,,31.5,,7.83,2025,479,0.09990074939756344,False,normal,0.4044246213148957
1195,22.9275261,120.2216131,2026-07-17 12:48:28,2.25,2.328944688801612,-0.0789446888016121,Gradient Boosting,Wukon Bridge,Tainan City,Rende District,Erren River,Sanyegong River,0.0095,5.5,0.001,9.7,,300000.0,898.0,0.005,1.8,24.5,0.002,0.003,0.165,0.0003,6.16,0.005,0.43,,6.75,,0.001,6.0,30.3,,1.13,30.9,0.016,7.71,2026,480,0.0789446888016121,False,normal,0.4044246213148957
1197,22.803,120.3614444,2021-01-06 09:53:01,3.25,3.3499007493975634,-0.09990074939756344,Gradient Boosting,Agongdian River,Kaohsiung City,Yanchao District,Agongdian River,Agongdian River,0.0019,1.0,0.001,10.6,,35.0,463.0,0.002,6.9,76.2,0.002,0.003,0.015,0.0003,0.01,0.005,0.02,0.004,1.0,0.001,0.001,3.4,20.2,2.04,0.022,20.5,0.008,8.02,2021,481,0.09990074939756344,False,normal,0.4044246213148957
1197,22.803,120.3614444,2025-10-08 09:00:42,3.25,3.3499007493975634,-0.09990074939756344,Gradient Boosting,Agongdian River,Kaohsiung City,Yanchao District,Agongdian River,Agongdian River,,1.5,,8.5,,50.0,424.0,,3.0,39.2,,,,,0.01,,,,2.25,,,6.3,31.4,,,30.9,,8.42,2025,482,0.09990074939756344,False,normal,0.4044246213148957
1197,22.803,120.3614444,2026-07-16 10:01:48,3.75,3.736252140293126,0.013747859706874088,Gradient Boosting,Agongdian River,Kaohsiung City,Yanchao District,Agongdian River,Agongdian River,0.0033,1.9,0.001,13.8,,300.0,976.0,0.003,9.7,134.9,0.002,0.003,0.032,0.0003,0.01,0.005,0.4,,1.5,,0.001,35.7,33.5,,0.042,32.0,0.01,8.36,2026,483,0.013747859706874088,False,normal,0.4044246213148957
1198,22.7853611,120.2970278,2021-01-06 11:50:48,3.25,3.3499007493975634,-0.09990074939756344,Gradient Boosting,Agongdian Bridge,Kaohsiung City,Gangshan District,Agongdian River,Agongdian River,0.0039,33.0,0.001,96.8,,48000000.0,1470.0,0.002,2.6,29.8,0.002,0.003,0.107,0.0003,7.88,0.005,0.01,0.008,7.25,0.001,0.001,25.0,25.0,19.9,0.77,21.8,0.037,7.62,2021,484,0.09990074939756344,False,normal,0.4044246213148957
1198,22.7853611,120.2970278,2025-10-08 10:57:57,3.25,3.3499007493975634,-0.09990074939756344,Gradient Boosting,Agongdian Bridge,Kaohsiung City,Gangshan District,Agongdian River,Agongdian River,,3.6,,18.7,,3800000.0,939.0,,5.6,75.7,,,,,1.53,,,,4.5,,,53.2,32.9,,,31.8,,7.9,2025,485,0.09990074939756344,False,normal,0.4044246213148957
1198,22.7853611,120.2970278,2026-07-16 13:17:37,6.25,6.311355048641218,-0.06135504864121799,Gradient Boosting,Agongdian Bridge,Kaohsiung City,Gangshan District,Agongdian River,Agongdian River,0.0061,1.5,0.001,10.9,,64000.0,622.0,0.004,6.4,89.0,0.002,0.005,0.131,0.0003,0.22,0.006,0.76,,3.75,,0.001,146.0,34.9,,0.136,32.3,0.05,7.98,2026,486,0.06135504864121799,False,normal,0.4044246213148957
1199,22.8006389,120.23225,2026-07-16 15:44:21,3.75,3.5271099485740365,0.22289005142596352,Gradient Boosting,Jiugang Bridge,Kaohsiung City,Mituo District,Agongdian River,Agongdian River,0.0059,4.9,0.001,24.2,7380.0,20000.0,22900.0,0.002,5.8,86.4,0.002,0.003,0.079,0.0003,4.28,0.005,1.68,,4.75,,0.001,25.0,31.3,,3.26,31.4,0.021,7.88,2026,487,0.22289005142596352,False,normal,0.4044246213148957
1199,22.7971667,120.2434167,2021-01-06 08:23:02,3.25,3.280967123053613,-0.030967123053613044,Gradient Boosting,Weiren Bridge,Kaohsiung City,Mituo District,Agongdian River,Agongdian River,0.0059,6.2,0.001,42.5,1680.0,63000.0,6290.0,0.007,1.4,16.0,0.002,0.003,0.115,0.0003,21.9,0.018,3.19,0.981,6.75,0.001,0.001,10.5,19.8,4.43,5.0,20.2,0.504,7.72,2021,488,0.030967123053613044,False,normal,0.4044246213148957
1199,22.7971667,120.2434167,2025-10-08 14:00:42,2.25,2.361181630752771,-0.1111816307527711,Gradient Boosting,Weiren Bridge,Kaohsiung City,Mituo District,Agongdian River,Agongdian River,,12.8,,39.2,2470.0,79000.0,8500.0,,2.9,41.6,,,,,8.96,,,,6.25,,,21.9,32.8,,,32.9,,7.9,2025,489,0.1111816307527711,False,normal,0.4044246213148957
1200,22.7953611,120.5026389,2021-01-04 12:20:00,2.0,1.920226944185925,0.07977305581407501,Gradient Boosting,Ligangda Bridge,Pingtung County,Ligang Township,Gaoping River,Gaoping River,,,,,,,,,,,,,,,,,,,,,,,27.0,,,,,,2021,490,0.07977305581407501,False,normal,0.4044246213148957
1200,22.7953611,120.5026389,2025-10-09 14:20:44,1.5,1.414631850350819,0.08536814964918094,Gradient Boosting,Ligangda Bridge,Pingtung County,Ligang Township,Gaoping River,Gaoping River,,1.0,,23.0,,1500.0,430.0,,7.5,99.5,,,,,0.04,,,,3.25,,,1190.0,32.9,,,30.0,,8.28,2025,491,0.08536814964918094,False,normal,0.4044246213148957
1200,22.7953611,120.5026389,2026-07-14 13:53:00,1.0,1.0428867179788925,-0.04288671797889254,Gradient Boosting,Ligangda Bridge,Pingtung County,Ligang Township,Gaoping River,Gaoping River,0.0056,1.0,0.001,39.3,,1500.0,406.0,0.015,7.7,101.0,0.002,0.026,0.998,0.0003,0.14,0.02,0.47,,3.25,,0.001,1550.0,34.0,,0.921,29.3,0.066,8.14,2026,492,0.04288671797889254,False,normal,0.4044246213148957
1201,22.7706711,120.45271,2021-01-04 14:01:00,2.0,2.063333693939753,-0.06333369393975286,Gradient Boosting,Linko Bridge,Kaohsiung City,Dashu District,Gaoping River,Gaoping River,0.0016,1.3,0.001,7.7,,7900.0,598.0,0.002,9.3,109.1,0.002,0.003,0.142,0.0003,0.18,0.005,0.51,0.042,2.25,0.001,0.001,54.7,28.9,1.15,0.033,23.4,0.011,8.17,2021,493,0.06333369393975286,False,normal,0.4044246213148957
1201,22.7706711,120.45271,2025-10-09 14:31:00,1.0,1.1460249577375665,-0.14602495773756652,Gradient Boosting,Linko Bridge,Kaohsiung City,Dashu District,Gaoping River,Gaoping River,,1.0,,34.6,,750.0,474.0,,7.0,93.9,,,,,0.05,,,,3.25,,,1950.0,34.6,,,30.6,,8.04,2025,494,0.14602495773756652,False,normal,0.4044246213148957
1201,22.7706711,120.45271,2026-07-14 14:30:00,5.5,5.733164616958444,-0.23316461695844382,Gradient Boosting,Linko Bridge,Kaohsiung City,Dashu District,Gaoping River,Gaoping River,0.0038,1.0,0.001,37.5,,2500.0,464.0,0.014,7.6,98.0,0.002,0.021,0.98,0.0003,0.08,0.019,0.42,,3.25,,0.001,1960.0,32.6,,0.854,28.1,0.063,8.23,2026,495,0.23316461695844382,False,normal,0.4044246213148957
1202,22.6471261,120.4374111,2021-01-04 15:07:15,3.25,3.5213221915909467,-0.2713221915909467,Gradient Boosting,Gaopingda Bridge,Kaohsiung City,Dashu District,Gaoping River,Gaoping River,0.0015,3.8,0.001,20.9,,19000.0,692.0,0.003,8.1,96.8,0.002,0.003,0.194,0.0003,7.16,0.005,0.39,0.234,3.75,0.001,0.001,16.4,28.4,4.64,0.381,24.6,0.017,8.05,2021,496,0.2713221915909467,False,normal,0.4044246213148957
1202,22.6471261,120.4374111,2025-10-09 15:28:24,4.75,4.551062703595642,0.19893729640435787,Gradient Boosting,Gaopingda Bridge,Kaohsiung City,Dashu District,Gaoping River,Gaoping River,,1.0,,16.8,,9500.0,474.0,,7.4,97.2,,,,,0.16,,,,3.25,,,1050.0,32.4,,,29.4,,8.08,2025,497,0.19893729640435787,False,normal,0.4044246213148957
1202,22.6471261,120.4374111,2026-07-14 15:39:00,4.5,4.620162491976379,-0.1201624919763793,Gradient Boosting,Gaopingda Bridge,Kaohsiung City,Dashu District,Gaoping River,Gaoping River,0.0046,1.0,0.001,29.9,,10000.0,492.0,0.012,7.8,100.1,0.002,0.02,0.772,0.0003,0.17,0.016,0.49,,3.25,,0.001,1560.0,33.4,,0.772,28.2,0.058,8.24,2026,498,0.1201624919763793,False,normal,0.4044246213148957
1203,22.4950278,120.4184444,2021-01-04 15:06:00,6.25,5.862569725366394,0.3874302746336058,Gradient Boosting,Shuangyuanda Bridge,Kaohsiung City,Dayuan District,Gaoping River,Gaoping River,0.0032,7.0,0.001,28.2,7390.0,71000.0,22000.0,0.004,4.6,59.0,0.002,0.003,0.439,0.0003,6.09,0.005,0.31,0.122,6.25,0.001,0.001,59.4,28.2,2.84,0.835,23.7,0.016,7.85,2021,499,0.3874302746336058,False,normal,0.4044246213148957
1203,22.4950278,120.4184444,2025-10-09 14:42:00,4.0,4.082990720958263,-0.08299072095826343,Gradient Boosting,Shuangyuanda Bridge,Kaohsiung City,Dayuan District,Gaoping River,Gaoping River,,1.0,,7.2,8.6,26000.0,531.0,,7.6,101.3,,,,,0.96,,,,3.75,,,185.0,32.8,,,30.5,,8.02,2025,500,0.08299072095826343,False,normal,0.4044246213148957
1203,22.4950278,120.4184444,2026-07-14 15:12:00,4.0,3.866668512927962,0.1333314870720379,Gradient Boosting,Shuangyuanda Bridge,Kaohsiung City,Dayuan District,Gaoping River,Gaoping River,,,,,,,,,,,,,,,,,,,,,,,33.4,,,,,,2026,501,0.1333314870720379,False,normal,0.4044246213148957
1204,22.9611019,120.5217161,2025-10-09 11:12:00,6.0,5.615565720636544,0.38443427936345564,Gradient Boosting,Yuemei Bridge,Kaohsiung City,Cishan District,Gaoping River,Cishan River,,,,,,,,,,,,,,,,,,,,,,,33.0,,,,,,2025,502,0.38443427936345564,False,normal,0.4044246213148957
1204,22.9611019,120.5217161,2026-07-14 10:58:00,3.5,3.8253400832489914,-0.32534008324899144,Gradient Boosting,Yuemei Bridge,Kaohsiung City,Cishan District,Gaoping River,Cishan River,0.0024,1.0,0.001,8.3,,700.0,428.0,0.003,8.2,103.6,0.002,0.007,0.237,0.0003,0.02,0.011,0.59,,3.25,,0.001,341.0,33.7,,0.248,26.4,0.036,8.45,2026,503,0.32534008324899144,False,normal,0.4044246213148957
1204,22.9611019,120.5217161,2021-01-04 11:06:00,3.75,3.5062303207318486,0.2437696792681514,Gradient Boosting,Yuemei Bridge,Kaohsiung City,Cishan District,Gaoping River,Gaoping River,,,,,,,,,,,,,,,,,,,,,,,26.5,,,,,,2021,504,0.2437696792681514,False,normal,0.4044246213148957
1206,22.602935,120.5829519,2021-01-06 10:30:35,3.25,3.280967123053613,-0.030967123053613044,Gradient Boosting,Longdon Bridge,Pingtung County,Wanluan Township,Donggang River,Donggang River,0.0006,1.0,0.001,7.1,,4500.0,346.0,0.003,6.8,79.9,0.002,0.003,0.308,0.0003,1.78,0.005,1.01,0.148,2.25,0.001,0.001,7.1,23.7,1.62,0.277,23.5,0.012,7.38,2021,505,0.030967123053613044,False,normal,0.4044246213148957
1206,22.602935,120.5829519,2025-10-02 13:20:00,1.5,1.4967622978279964,0.003237702172003587,Gradient Boosting,Longdon Bridge,Pingtung County,Wanluan Township,Donggang River,Donggang River,,1.0,,4.7,,9600.0,197.0,,6.2,83.6,,,,,0.39,,,,2.0,,,22.8,36.1,,,30.8,,7.23,2025,506,0.003237702172003587,False,normal,0.4044246213148957
1206,22.602935,120.5829519,2026-07-20 08:13:00,3.25,3.280967123053613,-0.030967123053613044,Gradient Boosting,Longdon Bridge,Pingtung County,Wanluan Township,Donggang River,Donggang River,0.0004,1.1,0.001,5.3,,29000.0,204.0,0.001,6.3,79.4,0.002,0.003,0.039,0.0003,0.46,0.005,2.77,,1.5,,0.001,7.1,30.2,,0.292,26.9,0.009,7.26,2026,507,0.030967123053613044,False,normal,0.4044246213148957
1207,22.56475,120.5396667,2021-01-06 11:32:20,3.5,3.227329124832544,0.27267087516745603,Gradient Boosting,Chaojhouda Bridge,Pingtung County,Chaojhou Township,Donggang River,Donggang River,0.001,1.0,0.001,7.8,,30000.0,391.0,0.003,6.6,77.4,0.002,0.003,0.24,0.0003,0.5,0.005,1.75,0.152,1.0,0.001,0.001,14.1,24.6,1.17,0.234,23.6,0.016,7.5,2021,508,0.27267087516745603,False,normal,0.4044246213148957
1207,22.56475,120.5396667,2025-10-02 14:21:00,3.25,3.280967123053613,-0.030967123053613044,Gradient Boosting,Chaojhouda Bridge,Pingtung County,Chaojhou Township,Donggang River,Donggang River,,1.0,,5.0,,13000.0,302.0,,6.3,84.8,,,,,0.19,,,,2.0,,,49.3,34.8,,,31.0,,7.52,2025,509,0.030967123053613044,False,normal,0.4044246213148957
1207,22.56475,120.5396667,2026-07-20 09:09:00,1.5,1.6915885615678277,-0.19158856156782766,Gradient Boosting,Chaojhouda Bridge,Pingtung County,Chaojhou Township,Donggang River,Donggang River,0.001,1.0,0.001,4.5,,19000.0,284.0,0.001,6.5,82.1,0.002,0.003,0.083,0.0003,0.3,0.005,2.99,,1.0,,0.001,19.9,29.7,,0.211,27.3,0.01,7.41,2026,510,0.19158856156782766,False,normal,0.4044246213148957
1208,22.5421389,120.5035,2021-01-06 12:33:33,1.0,1.0428867179788925,-0.04288671797889254,Gradient Boosting,Cinsheda Bridge,Pingtung County,Wandan Township,Donggang River,Donggang River,0.0024,4.9,0.001,32.9,,300000.0,635.0,0.008,3.7,43.7,0.002,0.003,0.354,0.0003,5.42,0.005,0.91,0.159,5.5,0.001,0.001,49.2,25.4,3.78,1.13,23.4,0.038,7.63,2021,511,0.04288671797889254,False,normal,0.4044246213148957
1208,22.5421389,120.5035,2025-10-02 15:26:59,3.25,3.280967123053613,-0.030967123053613044,Gradient Boosting,Cinsheda Bridge,Pingtung County,Wandan Township,Donggang River,Donggang River,,2.1,,12.7,,78000.0,562.0,,5.3,70.8,,,,,1.58,,,,3.25,,,41.7,33.5,,,31.2,,7.68,2025,512,0.030967123053613044,False,normal,0.4044246213148957
1208,22.5421389,120.5035,2026-07-20 10:10:21,1.0,1.0428867179788925,-0.04288671797889254,Gradient Boosting,Cinsheda Bridge,Pingtung County,Wandan Township,Donggang River,Donggang River,0.0027,2.0,0.001,18.0,,47000.0,504.0,0.004,4.5,57.0,0.002,0.004,0.236,0.0003,2.31,0.005,2.26,,4.75,,0.001,59.2,30.1,,0.679,27.2,0.026,7.57,2026,513,0.04288671797889254,False,normal,0.4044246213148957
1209,22.5045231,120.4620069,2021-01-06 13:30:00,1.0,1.0428867179788925,-0.04288671797889254,Gradient Boosting,Gangci Pomping Station,Pingtung County,Sinyuan Township,Donggang River,Donggang River,0.0024,2.7,0.001,17.0,,35000.0,641.0,0.004,2.5,29.5,0.002,0.003,0.309,0.0003,5.33,0.005,0.91,0.207,4.5,0.001,0.001,13.1,25.7,3.71,0.905,23.5,0.019,7.68,2021,514,0.04288671797889254,False,normal,0.4044246213148957
1209,22.5045231,120.4620069,2025-10-02 16:19:13,3.25,3.280967123053613,-0.030967123053613044,Gradient Boosting,Gangci Pomping Station,Pingtung County,Sinyuan Township,Donggang River,Donggang River,,6.0,,22.1,,310000.0,614.0,,4.2,54.8,,,,,3.44,,,,6.25,,,27.5,32.8,,,30.0,,7.68,2025,515,0.030967123053613044,False,normal,0.4044246213148957
1209,22.5045231,120.4620069,2026-07-20 11:11:04,2.25,2.398023420704911,-0.14802342070491115,Gradient Boosting,Gangci Pomping Station,Pingtung County,Sinyuan Township,Donggang River,Donggang River,0.0023,1.9,0.001,14.7,,70000.0,470.0,0.002,4.1,53.4,0.002,0.003,0.214,0.0003,1.94,0.005,2.14,,4.0,,0.001,28.4,33.6,,0.534,28.2,0.01,7.64,2026,516,0.14802342070491115,False,normal,0.4044246213148957
1210,22.4777169,120.459635,2025-10-02 10:40:00,1.0,1.0428867179788925,-0.04288671797889254,Gradient Boosting,Donggangda Bridge,Pingtung County,Donggang Township,Donggang River,Donggang River,,1.7,,9.3,2710.0,69000.0,9240.0,,3.4,45.8,,,,,1.54,,,,4.0,,,25.8,32.2,,,29.6,,7.54,2025,517,0.04288671797889254,False,normal,0.4044246213148957
1210,22.4777169,120.459635,2021-01-06 08:01:14,1.0,1.0428867179788925,-0.04288671797889254,Gradient Boosting,Donggangda Bridge,Pingtung County,Donggang Township,Donggang River,Donggang River,0.0023,2.8,0.001,16.6,10200.0,31000.0,29400.0,0.004,1.4,18.1,0.002,0.003,0.224,0.0003,3.26,0.005,0.33,0.118,6.0,0.001,0.001,22.6,23.4,1.35,0.67,22.7,0.021,7.71,2021,518,0.04288671797889254,False,normal,0.4044246213148957
1210,22.4777169,120.459635,2026-07-20 06:33:04,1.0,1.0428867179788925,-0.04288671797889254,Gradient Boosting,Donggangda Bridge,Pingtung County,Donggang Township,Donggang River,Donggang River,0.002,1.3,0.001,15.0,1630.0,21000.0,5750.0,0.002,3.1,40.4,0.002,0.003,0.16,0.0003,1.81,0.005,2.12,,3.5,,0.001,14.4,28.2,,0.444,28.2,0.01,7.64,2026,519,0.04288671797889254,False,normal,0.4044246213148957
1211,22.4611969,120.55042,2021-01-08 10:32:28,1.5,1.4967622978279964,0.003237702172003587,Gradient Boosting,Sinbeida Bridge,Pingtung County,Sinpi Township,Linbian River,Linbian River,0.002,2.4,0.001,10.7,,56000.0,519.0,0.004,8.0,92.1,0.002,0.005,0.201,0.0003,0.77,0.006,0.77,0.025,3.75,0.001,0.001,112.0,17.9,1.06,0.252,22.1,0.024,8.05,2021,520,0.003237702172003587,False,normal,0.4044246213148957
1211,22.4611969,120.55042,2025-10-02 10:03:00,1.0,1.0428867179788925,-0.04288671797889254,Gradient Boosting,Sinbeida Bridge,Pingtung County,Sinpi Township,Linbian River,Linbian River,,1.0,,5.8,,3300.0,335.0,,7.2,93.5,,,,,0.04,,,,3.25,,,132.0,35.3,,,28.9,,8.25,2025,521,0.04288671797889254,False,normal,0.4044246213148957
1211,22.4611969,120.55042,2026-07-20 10:58:00,1.5,1.4967622978279964,0.003237702172003587,Gradient Boosting,Sinbeida Bridge,Pingtung County,Sinpi Township,Linbian River,Linbian River,0.0006,1.0,0.001,4.0,,4400.0,348.0,0.001,7.2,93.5,0.002,0.003,0.036,0.0003,0.03,0.005,1.08,,1.5,,0.017,40.5,35.0,,0.102,28.8,0.008,8.1,2026,522,0.003237702172003587,False,normal,0.4044246213148957
1212,22.4308169,120.5232661,2025-10-02 11:06:00,1.5,1.4967622978279964,0.003237702172003587,Gradient Boosting,Linbianda Bridge,Pingtung County,Linbian Township,Linbian River,Linbian River,,1.0,,6.6,3.3,4100.0,346.0,,8.3,109.1,,,,,0.08,,,,3.25,,,167.0,34.9,,,29.6,,8.18,2025,523,0.003237702172003587,False,normal,0.4044246213148957
1212,22.4308169,120.5232661,2021-01-08 09:35:25,1.5,1.1648647293881795,0.33513527061182047,Gradient Boosting,Linbianda Bridge,Pingtung County,Linbian Township,Linbian River,Linbian River,0.0021,1.6,0.001,18.0,127.0,16000.0,938.0,0.003,6.8,72.9,0.002,0.003,0.281,0.0003,1.4,0.005,0.78,0.159,3.5,0.001,0.001,81.3,15.2,1.32,0.338,18.9,0.011,7.98,2021,524,0.33513527061182047,False,normal,0.4044246213148957
1212,22.4308169,120.5232661,2026-07-20 06:34:45,2.0,1.920226944185925,0.07977305581407501,Gradient Boosting,Linbianda Bridge,Pingtung County,Linbian Township,Linbian River,Linbian River,0.0019,1.0,0.001,4.9,4.0,3900.0,356.0,0.003,7.5,93.3,0.002,0.004,0.106,0.0003,0.07,0.005,0.83,,3.25,,0.001,133.0,28.3,,0.25,25.9,0.017,8.15,2026,525,0.07977305581407501,False,normal,0.4044246213148957
1213,22.3432989,120.6117519,2021-01-08 14:30:00,2.75,3.01637120493749,-0.26637120493749,Gradient Boosting,Fangliuda Bridge,Pingtung County,Fangliao Township,Shuaimang River,Shuaimang River,,,,,,,,,,,,,,,,,,,,,,,17.1,,,,,,2021,526,0.26637120493749,False,normal,0.4044246213148957
1213,22.3432989,120.6117519,2025-10-02 14:56:00,2.75,2.732926763124697,0.017073236875302822,Gradient Boosting,Fangliuda Bridge,Pingtung County,Fangliao Township,Shuaimang River,Shuaimang River,,1.0,,4.0,,110.0,307.0,,7.7,107.1,,,,,0.01,,,,1.5,,,49.7,33.5,,,29.4,,8.45,2025,527,0.017073236875302822,False,normal,0.4044246213148957
1213,22.3432989,120.6117519,2026-07-20 09:58:24,3.5,3.3068925281547115,0.19310747184528854,Gradient Boosting,Fangliuda Bridge,Pingtung County,Fangliao Township,Shuaimang River,Shuaimang River,0.0004,1.0,0.001,4.0,,180.0,280.0,0.001,8.0,100.3,0.002,0.003,0.007,0.0003,0.01,0.005,0.56,,1.0,,0.001,15.0,29.0,,0.03,26.5,0.005,8.56,2026,528,0.19310747184528854,False,normal,0.4044246213148957
1214,22.2560989,120.6540669,2021-01-08 14:09:00,1.5,1.4967622978279964,0.003237702172003587,Gradient Boosting,Fangshan Bridge,Pingtung County,Fangshan Township,Fangshan River,Fangshan River,,,,,,,,,,,,,,,,,,,,,,,17.2,,,,,,2021,529,0.003237702172003587,False,normal,0.4044246213148957
1214,22.2560989,120.6540669,2025-10-02 14:14:00,2.75,2.7026903541518807,0.04730964584811925,Gradient Boosting,Fangshan Bridge,Pingtung County,Fangshan Township,Fangshan River,Fangshan River,,1.0,,4.0,,3400.0,306.0,,8.2,113.8,,,,,0.01,,,,3.25,,,134.0,36.3,,,30.0,,8.25,2025,530,0.04730964584811925,False,normal,0.4044246213148957
1214,22.2560989,120.6540669,2026-07-20 08:58:00,3.25,3.749542732979166,-0.4995427329791662,Gradient Boosting,Fangshan Bridge,Pingtung County,Fangshan Township,Fangshan River,Fangshan River,0.0004,1.0,0.001,4.0,,350.0,301.0,0.001,8.0,102.0,0.002,0.003,0.005,0.0003,0.01,0.005,0.52,,1.0,,0.001,8.7,30.1,,0.035,27.1,0.01,8.46,2026,531,0.4995427329791662,True,low,0.4044246213148957
1215,22.2125833,120.7636667,2021-01-08 12:01:00,4.0,4.159870695049055,-0.15987069504905538,Gradient Boosting,Itun Suspension Bridge,Pingtung County,Shihzih Township,Fonggang River,Fonggang River,0.0003,1.0,0.001,4.0,,150.0,260.0,0.001,9.6,104.0,0.002,0.003,0.005,0.0003,0.02,0.005,0.16,0.001,1.0,0.001,0.001,1.0,15.5,0.51,0.022,19.0,0.006,8.4,2021,532,0.15987069504905538,False,normal,0.4044246213148957
1215,22.2125833,120.7636667,2025-10-02 12:50:00,1.0,1.0428867179788925,-0.04288671797889254,Gradient Boosting,Itun Suspension Bridge,Pingtung County,Shihzih Township,Fonggang River,Fonggang River,,,,,,,,,,,,,,,,,,,,,,,35.6,,,,,,2025,533,0.04288671797889254,False,normal,0.4044246213148957
1216,22.1958611,120.6911681,2021-01-08 13:11:22,1.0,1.0428867179788925,-0.04288671797889254,Gradient Boosting,Fongang Bridge,Pingtung County,Fangshan Township,Fonggang River,Fonggang River,0.0039,1.0,0.001,5.5,,700.0,323.0,0.01,8.6,95.7,0.002,0.008,0.325,0.0003,0.04,0.015,0.34,0.02,3.25,0.001,0.001,297.0,17.7,0.51,0.042,20.3,0.043,8.24,2021,534,0.04288671797889254,False,normal,0.4044246213148957
1216,22.1958611,120.6911681,2025-10-02 13:35:00,1.0,1.0428867179788925,-0.04288671797889254,Gradient Boosting,Fongang Bridge,Pingtung County,Fangshan Township,Fonggang River,Fonggang River,,1.0,,4.0,,2200.0,364.0,,8.6,112.3,,,,,0.01,,,,2.25,,,61.2,33.1,,,29.3,,8.35,2025,535,0.04288671797889254,False,normal,0.4044246213148957
1216,22.1958611,120.6911681,2026-07-20 07:59:00,3.25,3.280967123053613,-0.030967123053613044,Gradient Boosting,Fongang Bridge,Pingtung County,Fangshan Township,Fonggang River,Fonggang River,0.0004,1.0,0.001,4.0,,650.0,352.0,0.001,8.1,101.7,0.002,0.003,0.008,0.0003,0.01,0.005,0.41,,1.0,,0.001,9.1,30.7,,0.025,26.6,0.004,8.28,2026,536,0.030967123053613044,False,normal,0.4044246213148957
1217,22.1235278,120.77275,2021-01-04 10:30:00,3.25,3.3499007493975634,-0.09990074939756344,Gradient Boosting,Shihmen,Pingtung County,Mudan Township,Sihchong River,Sihchong River,0.0004,1.0,0.001,4.0,,120.0,322.0,0.001,9.0,104.1,0.002,0.003,0.015,0.0003,0.01,0.005,0.35,0.139,1.0,0.001,0.001,9.2,22.1,0.93,0.025,22.9,0.003,8.31,2021,537,0.09990074939756344,False,normal,0.4044246213148957
1217,22.1235278,120.77275,2025-10-09 09:58:29,3.25,3.280967123053613,-0.030967123053613044,Gradient Boosting,Shihmen,Pingtung County,Mudan Township,Sihchong River,Sihchong River,,1.0,,4.0,,5600.0,412.0,,8.5,107.9,,,,,0.01,,,,1.0,,,10.6,29.4,,,27.5,,8.21,2025,538,0.030967123053613044,False,normal,0.4044246213148957
1217,22.1235278,120.77275,2026-07-14 10:15:00,2.25,2.4475780344209292,-0.19757803442092925,Gradient Boosting,Shihmen,Pingtung County,Mudan Township,Sihchong River,Sihchong River,0.0007,1.0,0.001,4.0,,4300.0,275.0,0.002,8.0,101.8,0.002,0.003,0.038,0.0003,0.05,0.005,0.5,,1.5,,0.001,21.7,32.5,,0.351,27.3,0.009,8.05,2026,539,0.19757803442092925,False,normal,0.4044246213148957
1218,22.0827919,120.7408319,2021-01-04 11:20:00,3.25,3.3499007493975634,-0.09990074939756344,Gradient Boosting,Erchongci,Pingtung County,Checheng Township,Sihchong River,Sihchong River,,,,,,,,,,,,,,,,,,,,,,,23.1,,,,,,2021,540,0.09990074939756344,False,normal,0.4044246213148957
1218,22.0827919,120.7408319,2025-10-09 11:02:07,3.25,3.280967123053613,-0.030967123053613044,Gradient Boosting,Erchongci,Pingtung County,Checheng Township,Sihchong River,Sihchong River,,1.0,,4.0,,320.0,394.0,,8.4,108.9,,,,,0.01,,,,1.0,,,5.0,29.6,,,28.6,,8.22,2025,541,0.030967123053613044,False,normal,0.4044246213148957
1218,22.0827919,120.7408319,2026-07-14 11:03:00,3.25,3.280967123053613,-0.030967123053613044,Gradient Boosting,Erchongci,Pingtung County,Checheng Township,Sihchong River,Sihchong River,0.0006,1.0,0.001,4.4,,5900.0,348.0,0.002,8.5,110.1,0.002,0.003,0.035,0.0003,0.03,0.005,0.44,,1.5,,0.001,47.0,33.3,,0.16,28.6,0.008,8.16,2026,542,0.030967123053613044,False,normal,0.4044246213148957
1219,21.9882222,120.7378333,2021-01-04 11:51:00,3.25,3.3499007493975634,-0.09990074939756344,Gradient Boosting,Longluntan,Pingtung County,Hengchun Township,Baoli River,Baoli River,,,,,,,,,,,,,,,,,,,,,,,24.6,,,,,,2021,543,0.09990074939756344,False,normal,0.4044246213148957
1219,21.9882222,120.7378333,2025-10-09 15:15:41,3.25,3.280967123053613,-0.030967123053613044,Gradient Boosting,Longluntan,Pingtung County,Hengchun Township,Baoli River,Baoli River,,1.5,,11.9,,500.0,504.0,,9.1,123.6,,,,,0.03,,,,1.5,,,35.5,31.4,,,31.3,,8.16,2025,544,0.030967123053613044,False,normal,0.4044246213148957
1220,22.0578889,120.711,2021-01-04 13:50:34,1.0,1.0428867179788925,-0.04288671797889254,Gradient Boosting,Linhia Bridge,Pingtung County,Checheng Township,Baoli River,Baoli River,0.0041,2.2,0.001,10.6,9080.0,610.0,27900.0,0.003,9.1,117.4,0.002,0.003,0.057,0.0003,0.55,0.005,1.19,0.138,1.5,0.001,0.001,17.5,26.2,0.75,0.139,23.4,0.012,8.21,2021,545,0.04288671797889254,False,normal,0.4044246213148957
1220,22.0578889,120.711,2025-10-09 12:10:40,1.5,1.626315978469784,-0.12631597846978404,Gradient Boosting,Linhia Bridge,Pingtung County,Checheng Township,Baoli River,Baoli River,,1.0,,7.1,10700.0,1900.0,32200.0,,6.2,93.6,,,,,0.07,,,,2.0,,,32.2,31.7,,,29.9,,8.02,2025,546,0.12631597846978404,False,normal,0.4044246213148957
1220,22.0578889,120.711,2026-07-14 14:47:15,2.0,2.01156645479315,-0.011566454793149994,Gradient Boosting,Linhia Bridge,Pingtung County,Checheng Township,Baoli River,Baoli River,0.0022,1.0,0.001,10.7,8300.0,6200.0,24300.0,0.003,5.3,77.3,0.002,0.003,0.208,0.0003,0.23,0.005,0.34,,2.75,,0.001,57.7,31.7,,0.179,29.6,0.017,7.88,2026,547,0.011566454793149994,False,normal,0.4044246213148957
1221,24.8063611,121.7724167,2021-01-05 14:45:50,1.0,1.0428867179788925,-0.04288671797889254,Gradient Boosting,Tetzekou Bridge,Yilan County,Jiaosi Township,Dezihkou River,Dezihkou River,0.0015,1.5,0.001,9.9,,210000.0,195.0,0.002,6.3,69.4,0.002,0.003,0.055,0.0003,1.55,0.005,1.31,0.085,2.75,0.001,0.001,12.2,18.4,1.49,0.437,20.3,0.015,7.02,2021,548,0.04288671797889254,False,normal,0.4044246213148957
1221,24.8063611,121.7724167,2025-10-02 07:47:28,1.5,1.6512828359245049,-0.15128283592450487,Gradient Boosting,Tetzekou Bridge,Yilan County,Jiaosi Township,Dezihkou River,Dezihkou River,,2.4,,8.7,,43000.0,220.0,,3.8,46.3,,,,,1.12,,,,3.5,,,7.0,25.3,,,26.1,,7.05,2025,549,0.15128283592450487,False,normal,0.4044246213148957
1221,24.8063611,121.7724167,2026-07-03 12:25:24,1.5,1.4663513643368211,0.03364863566317888,Gradient Boosting,Tetzekou Bridge,Yilan County,Jiaosi Township,Dezihkou River,Dezihkou River,0.0032,1.6,0.001,8.1,,5600.0,200.0,0.006,7.4,99.8,0.002,0.005,0.043,0.0003,0.49,0.005,1.02,,1.5,,0.001,22.4,31.6,,0.272,30.8,0.037,7.26,2026,550,0.03364863566317888,False,normal,0.4044246213148957
1222,24.817714,121.812895,2021-01-05 15:35:32,1.0,1.1430981490718057,-0.14309814907180574,Gradient Boosting,Fusing Bridge,Yilan County,Jiaosi Township,Dezihkou River,Dezihkou River,0.0041,3.1,0.001,16.5,123.0,4800.0,646.0,0.002,6.6,69.9,0.002,0.003,0.079,0.0003,1.23,0.005,1.0,0.09,2.75,0.001,0.001,20.0,17.8,2.05,0.206,18.5,0.01,7.34,2021,551,0.14309814907180574,False,normal,0.4044246213148957
1222,24.817714,121.812895,2025-10-02 08:28:01,2.0,2.0823338386992947,-0.08233383869929467,Gradient Boosting,Fusing Bridge,Yilan County,Jiaosi Township,Dezihkou River,Dezihkou River,,1.8,,16.6,726.0,7500.0,2610.0,,3.6,48.6,,,,,0.84,,,,3.25,,,26.1,25.8,,,30.4,,7.28,2025,552,0.08233383869929467,False,normal,0.4044246213148957
1222,24.817714,121.812895,2026-07-03 14:03:02,3.75,3.648529268348515,0.10147073165148512,Gradient Boosting,Fusing Bridge,Yilan County,Jiaosi Township,Dezihkou River,Dezihkou River,0.0093,2.9,0.001,21.9,82.5,3400.0,463.0,0.004,4.5,61.4,0.002,0.009,0.184,0.0003,0.65,0.005,0.86,,4.0,,0.001,81.3,31.4,,0.457,32.2,0.024,7.18,2026,553,0.10147073165148512,False,normal,0.4044246213148957
1223,24.681098,121.605924,2021-01-05 10:39:00,1.0,1.0428867179788925,-0.04288671797889254,Gradient Boosting,Lonbei,Yilan County,Datong Township,Lanyang River,Lanyang River,0.0003,1.0,0.001,4.0,,7600.0,58.0,0.001,9.6,103.5,0.002,0.003,0.005,0.0003,0.04,0.005,1.03,0.001,1.0,0.001,0.001,2.4,18.9,0.31,0.039,18.3,0.006,7.56,2021,554,0.04288671797889254,False,normal,0.4044246213148957
1223,24.681098,121.605924,2025-10-02 11:05:19,1.0,1.0428867179788925,-0.04288671797889254,Gradient Boosting,Lonbei,Yilan County,Datong Township,Lanyang River,Lanyang River,,1.0,,4.0,,18000.0,58.0,,8.3,101.5,,,,,0.03,,,,1.0,,,1.5,28.3,,,24.4,,7.3,2025,555,0.04288671797889254,False,normal,0.4044246213148957
1223,24.681098,121.605924,2026-07-03 08:05:18,1.0,1.0428867179788925,-0.04288671797889254,Gradient Boosting,Lonbei,Yilan County,Datong Township,Lanyang River,Lanyang River,0.0003,1.0,0.001,4.0,,3300.0,58.0,0.002,8.5,100.0,0.002,0.003,0.005,0.0003,0.05,0.005,0.59,,1.0,,0.001,2.2,28.2,,0.009,23.2,0.007,7.06,2026,556,0.04288671797889254,False,normal,0.4044246213148957
1224,24.704817,121.724819,2021-01-05 11:27:00,1.0,1.0428867179788925,-0.04288671797889254,Gradient Boosting,Shangshengo,Yilan County,Yuanshan Township,Lanyang River,Lanyang River,0.0013,1.0,0.001,4.0,,1300.0,406.0,0.004,8.9,97.8,0.002,0.004,0.144,0.0003,0.01,0.005,0.59,0.008,3.25,0.001,0.001,259.0,19.6,0.34,0.323,19.9,0.024,8.11,2021,557,0.04288671797889254,False,normal,0.4044246213148957
1224,24.704817,121.724819,2025-10-02 11:55:18,1.0,1.0428867179788925,-0.04288671797889254,Gradient Boosting,Shangshengo,Yilan County,Yuanshan Township,Lanyang River,Lanyang River,,1.0,,21.3,,18000.0,485.0,,7.7,100.6,,,,,0.05,,,,3.25,,,1400.0,28.9,,,29.1,,8.19,2025,558,0.04288671797889254,False,normal,0.4044246213148957
1224,24.704817,121.724819,2026-07-03 08:55:16,1.0,1.0428867179788925,-0.04288671797889254,Gradient Boosting,Shangshengo,Yilan County,Yuanshan Township,Lanyang River,Lanyang River,0.0016,1.0,0.001,4.0,,1200.0,364.0,0.004,7.7,98.3,0.002,0.003,0.065,0.0003,0.01,0.005,0.53,,3.25,,0.001,159.0,27.8,,0.036,27.2,0.017,8.28,2026,559,0.04288671797889254,False,normal,0.4044246213148957
1225,24.7136111,121.772,2021-01-05 12:22:42,1.0,1.0428867179788925,-0.04288671797889254,Gradient Boosting,Lanyangda Bridge,Yilan County,Wujie Township,Lanyang River,Lanyang River,0.0007,1.0,0.001,4.0,,22000.0,458.0,0.001,8.7,95.7,0.002,0.003,0.052,0.0003,0.03,0.005,0.61,0.01,2.25,0.001,0.001,78.8,19.8,0.37,0.095,20.0,0.012,7.94,2021,560,0.04288671797889254,False,normal,0.4044246213148957
1225,24.7136111,121.772,2025-10-02 13:47:28,1.0,1.0428867179788925,-0.04288671797889254,Gradient Boosting,Lanyangda Bridge,Yilan County,Wujie Township,Lanyang River,Lanyang River,,2.9,,20.1,,20000.0,489.0,,8.0,104.2,,,,,0.07,,,,3.25,,,1220.0,31.2,,,29.1,,8.09,2025,561,0.04288671797889254,False,normal,0.4044246213148957
1225,24.7136111,121.772,2026-07-03 10:40:31,1.0,1.0428867179788925,-0.04288671797889254,Gradient Boosting,Lanyangda Bridge,Yilan County,Wujie Township,Lanyang River,Lanyang River,0.003,1.0,0.001,7.7,,1900.0,454.0,0.005,7.5,95.8,0.002,0.004,0.13,0.0003,0.04,0.005,0.51,,3.25,,0.001,376.0,32.4,,0.194,28.5,0.021,8.08,2026,562,0.04288671797889254,False,normal,0.4044246213148957
1226,24.713763,121.820112,2021-01-05 16:15:00,1.5,1.494722743165691,0.005277256834308908,Gradient Boosting,Sinlanda Bridge,Yilan County,Jhuangwei Township,Lanyang River,Lanyang River,0.0013,1.1,0.001,4.0,2.5,11000.0,466.0,0.003,8.8,94.6,0.002,0.004,0.096,0.0003,0.05,0.005,0.62,0.009,3.25,0.001,0.001,139.0,17.5,0.36,0.191,19.1,0.05,8.04,2021,563,0.005277256834308908,False,normal,0.4044246213148957
1226,24.713763,121.820112,2025-10-02 09:21:59,1.0,1.0428867179788925,-0.04288671797889254,Gradient Boosting,Sinlanda Bridge,Yilan County,Jhuangwei Township,Lanyang River,Lanyang River,,1.0,,22.6,5.6,16000.0,508.0,,8.1,99.3,,,,,0.07,,,,3.25,,,1740.0,27.9,,,25.8,,8.21,2025,564,0.04288671797889254,False,normal,0.4044246213148957
1226,24.713763,121.820112,2026-07-03 14:27:44,1.0,1.0428867179788925,-0.04288671797889254,Gradient Boosting,Sinlanda Bridge,Yilan County,Jhuangwei Township,Lanyang River,Lanyang River,0.003,1.1,0.001,9.4,4.9,1500.0,480.0,0.008,7.2,97.2,0.002,0.003,0.145,0.0003,0.08,0.005,0.73,,3.25,,0.001,119.0,32.4,,0.064,30.8,0.023,8.11,2026,565,0.04288671797889254,False,normal,0.4044246213148957
1228,24.6391631,121.78689,2021-01-05 12:15:00,1.0,1.0428867179788925,-0.04288671797889254,Gradient Boosting,Dongshan River Bridge,Yilan County,Dongshan Township,Dongshan River,Dongshan River,0.0007,1.2,0.001,4.1,,5900.0,187.0,0.001,8.0,88.2,0.002,0.003,0.033,0.0003,0.16,0.005,0.83,0.011,1.0,0.001,0.001,10.2,18.9,0.41,0.095,20.4,0.006,7.28,2021,566,0.04288671797889254,False,normal,0.4044246213148957
1228,24.6391631,121.78689,2025-10-02 11:06:28,1.5,1.4967622978279964,0.003237702172003587,Gradient Boosting,Dongshan River Bridge,Yilan County,Dongshan Township,Dongshan River,Dongshan River,,1.0,,7.1,,11000.0,200.0,,5.0,62.9,,,,,0.27,,,,1.5,,,10.6,30.4,,,27.2,,7.24,2025,567,0.003237702172003587,False,normal,0.4044246213148957
1228,24.6391631,121.78689,2026-07-03 11:28:20,1.5,1.4967622978279964,0.003237702172003587,Gradient Boosting,Dongshan River Bridge,Yilan County,Dongshan Township,Dongshan River,Dongshan River,0.0006,3.4,0.001,6.9,,50.0,200.0,0.002,5.2,67.1,0.002,0.003,0.024,0.0003,0.37,0.005,1.0,,2.0,,0.001,8.7,33.6,,0.161,28.2,0.009,7.22,2026,568,0.003237702172003587,False,normal,0.4044246213148957
1230,24.6698981,121.8141169,2021-01-05 13:56:20,1.0,1.0428867179788925,-0.04288671797889254,Gradient Boosting,Lidzugein Bridge,Yilan County,Wujie Township,Dongshan River,Dongshan River,0.0041,1.9,0.001,6.4,,25000.0,234.0,0.001,6.9,75.8,0.002,0.003,0.054,0.0003,0.35,0.005,0.82,0.033,1.0,0.001,0.001,13.9,18.2,0.84,0.149,20.0,0.006,7.38,2021,569,0.04288671797889254,False,normal,0.4044246213148957
1230,24.6698981,121.8141169,2025-10-02 11:56:36,3.25,3.280967123053613,-0.030967123053613044,Gradient Boosting,Lidzugein Bridge,Yilan County,Wujie Township,Dongshan River,Dongshan River,,4.3,,15.0,,4200.0,308.0,,8.6,115.0,,,,,0.45,,,,1.5,,,16.2,31.5,,,30.6,,7.72,2025,570,0.030967123053613044,False,normal,0.4044246213148957
1230,24.6698981,121.8141169,2026-07-03 12:15:26,3.25,3.3499007493975634,-0.09990074939756344,Gradient Boosting,Lidzugein Bridge,Yilan County,Wujie Township,Dongshan River,Dongshan River,0.0068,1.9,0.001,6.2,,700.0,250.0,0.001,5.9,80.8,0.002,0.003,0.052,0.0003,0.41,0.005,1.25,,1.5,,0.001,10.2,33.4,,0.227,32.0,0.007,7.46,2026,571,0.09990074939756344,False,normal,0.4044246213148957
1232,24.6920061,121.8329719,2021-01-05 15:38:00,4.5,4.344345567343586,0.155654432656414,Gradient Boosting,Cingshueida Gate,Yilan County,Wujie Township,Dongshan River,Dongshan River,0.0037,1.4,0.001,12.7,108.0,4600.0,617.0,0.001,6.6,70.1,0.002,0.003,0.067,0.0003,0.48,0.005,0.95,0.044,1.0,0.001,0.001,11.9,17.8,0.96,0.137,18.8,0.006,7.47,2021,572,0.155654432656414,False,normal,0.4044246213148957
1232,24.6920061,121.8329719,2025-10-02 08:45:00,1.0,1.0428867179788925,-0.04288671797889254,Gradient Boosting,Cingshueida Gate,Yilan County,Wujie Township,Dongshan River,Dongshan River,,2.5,,16.2,250.0,500.0,1170.0,,6.0,79.2,,,,,0.43,,,,2.0,,,30.1,27.0,,,30.0,,7.71,2025,573,0.04288671797889254,False,normal,0.4044246213148957
1232,24.6920061,121.8329719,2026-07-03 13:59:00,1.5,1.414631850350819,0.08536814964918094,Gradient Boosting,Cingshueida Gate,Yilan County,Wujie Township,Dongshan River,Dongshan River,0.0083,3.1,0.001,23.9,505.0,600.0,1910.0,0.007,8.0,109.2,0.002,0.003,0.252,0.0003,0.34,0.005,0.97,,3.75,,0.001,196.0,32.8,,0.284,32.0,0.031,8.18,2026,574,0.08536814964918094,False,normal,0.4044246213148957
1233,24.6152881,121.8123419,2021-01-05 10:37:00,1.66667,1.7051564278195095,-0.038486427819509395,Gradient Boosting,Sincheng Bridge,Yilan County,Suao Township,Sincheng River,Sincheng River,0.0017,1.0,0.001,4.0,,5900.0,148.0,0.001,9.9,104.1,0.002,0.003,0.005,0.0003,0.01,0.005,0.3,0.001,1.0,0.001,0.001,3.0,18.3,0.23,0.045,18.0,0.008,7.97,2021,575,0.038486427819509395,False,normal,0.4044246213148957
1233,24.6152881,121.8123419,2025-10-02 07:27:39,1.5,1.4967622978279964,0.003237702172003587,Gradient Boosting,Sincheng Bridge,Yilan County,Suao Township,Sincheng River,Sincheng River,,1.0,,4.0,,900.0,202.0,,8.2,100.2,,,,,0.05,,,,1.0,,,2.9,27.6,,,25.2,,8.08,2025,576,0.003237702172003587,False,normal,0.4044246213148957
1233,24.6152881,121.8123419,2026-07-03 09:05:00,1.0,1.0428867179788925,-0.04288671797889254,Gradient Boosting,Sincheng Bridge,Yilan County,Suao Township,Sincheng River,Sincheng River,0.0017,1.0,0.001,4.0,,45.0,161.0,0.004,8.0,101.4,0.002,0.003,0.006,0.0003,0.03,0.005,0.31,,1.0,,0.001,6.7,32.1,,0.024,27.2,0.007,7.66,2026,577,0.04288671797889254,False,normal,0.4044246213148957
1234,24.6323639,121.83156,2021-01-05 14:45:59,1.0,1.0428867179788925,-0.04288671797889254,Gradient Boosting,Longdeda Bridge,Yilan County,Suao Township,Sincheng River,Sincheng River,0.0018,1.0,0.001,4.0,,2500.0,144.0,0.001,9.9,104.6,0.002,0.003,0.005,0.0003,0.02,0.005,0.27,0.003,1.0,0.001,0.001,4.4,18.0,0.22,0.039,17.9,0.006,8.28,2021,578,0.04288671797889254,False,normal,0.4044246213148957
1234,24.6323639,121.83156,2025-10-02 08:05:56,1.0,1.0428867179788925,-0.04288671797889254,Gradient Boosting,Longdeda Bridge,Yilan County,Suao Township,Sincheng River,Sincheng River,,1.0,,4.0,,950.0,213.0,,9.2,114.9,,,,,0.02,,,,1.0,,,1.1,27.6,,,26.8,,8.38,2025,579,0.04288671797889254,False,normal,0.4044246213148957
1234,24.6323639,121.83156,2026-07-03 09:45:41,1.0,1.0428867179788925,-0.04288671797889254,Gradient Boosting,Longdeda Bridge,Yilan County,Suao Township,Sincheng River,Sincheng River,0.0018,1.6,0.001,4.0,,30.0,166.0,0.001,7.9,100.8,0.002,0.003,0.005,0.0003,0.02,0.005,0.3,,1.0,,0.001,5.7,33.0,,0.034,28.2,0.004,8.14,2026,580,0.04288671797889254,False,normal,0.4044246213148957
1235,24.5737169,121.8445589,2021-01-05 12:30:55,1.0,1.0428867179788925,-0.04288671797889254,Gradient Boosting,Yunlali,Yilan County,Suao Township,Su-ao River,Su-ao River,0.0015,1.1,0.001,4.0,,2300.0,178.0,0.001,8.9,96.1,0.002,0.003,0.013,0.0003,0.01,0.005,0.12,0.003,1.0,0.001,0.001,11.4,18.1,0.65,0.042,18.9,0.004,7.82,2021,581,0.04288671797889254,False,normal,0.4044246213148957
1236,24.59617,121.85372,2021-01-05 12:57:27,1.0,1.0428867179788925,-0.04288671797889254,Gradient Boosting,Bimei Bridge,Yilan County,Suao Township,Su-ao River,Su-ao River,0.0008,1.0,0.001,4.7,,9100.0,226.0,0.002,8.6,94.2,0.002,0.003,0.02,0.0003,0.07,0.005,0.46,0.004,1.0,0.001,0.001,4.0,16.8,0.42,0.071,20.3,0.017,7.18,2021,582,0.04288671797889254,False,normal,0.4044246213148957
1236,24.59617,121.85372,2025-10-01 14:25:13,1.0,1.0428867179788925,-0.04288671797889254,Gradient Boosting,Bimei Bridge,Yilan County,Suao Township,Su-ao River,Su-ao River,,1.0,,5.2,,8000.0,259.0,,6.9,87.3,,,,,0.1,,,,1.0,,,6.4,32.9,,,27.6,,7.22,2025,583,0.04288671797889254,False,normal,0.4044246213148957
1236,24.59617,121.85372,2026-07-02 14:50:32,1.0,1.0428867179788925,-0.04288671797889254,Gradient Boosting,Bimei Bridge,Yilan County,Suao Township,Su-ao River,Su-ao River,0.001,3.7,0.001,7.1,,2300.0,239.0,0.003,8.0,101.2,0.002,0.003,0.035,0.0003,0.11,0.005,0.49,,1.5,,0.001,10.6,32.0,,0.062,27.3,0.01,7.34,2026,584,0.04288671797889254,False,normal,0.4044246213148957
1237,24.435947,121.7584419,2021-01-05 10:02:00,1.0,1.0428867179788925,-0.04288671797889254,Gradient Boosting,Ginyang No 2,Yilan County,Nanao Township,Nan-ao River,Nan-ao River,0.0016,1.0,0.001,4.0,,3200.0,187.0,0.001,9.3,104.0,0.002,0.003,0.005,0.0003,0.01,0.005,0.35,0.004,1.0,0.001,0.001,1.0,24.6,0.36,0.048,20.7,0.012,7.86,2021,585,0.04288671797889254,False,normal,0.4044246213148957
1237,24.435947,121.7584419,2025-10-01 11:31:05,1.5,2.066078847737276,-0.566078847737276,Gradient Boosting,Ginyang No 2,Yilan County,Nanao Township,Nan-ao River,Nan-ao River,,2.0,,6.5,,2100.0,189.0,,8.1,101.8,,,,,0.04,,,,1.0,,,2.4,30.4,,,26.6,,8.14,2025,586,0.566078847737276,True,low,0.4044246213148957
1237,24.435947,121.7584419,2026-07-02 11:50:20,1.5,1.2878057476559477,0.21219425234405231,Gradient Boosting,Ginyang No 2,Yilan County,Nanao Township,Nan-ao River,Nan-ao River,0.0014,1.0,0.001,4.0,,160.0,196.0,0.002,8.4,105.5,0.002,0.003,0.005,0.0003,0.03,0.005,0.13,,1.0,,0.001,3.4,32.5,,0.067,26.3,0.011,7.76,2026,587,0.21219425234405231,False,normal,0.4044246213148957
1238,24.4491419,121.7800211,2021-01-05 10:31:27,1.5,1.9569789997764713,-0.4569789997764713,Gradient Boosting,Aowei Bridge,Yilan County,Nanao Township,Nan-ao River,Nan-ao River,0.0019,1.0,0.001,4.0,,1600.0,286.0,0.004,9.4,103.8,0.002,0.003,0.031,0.0003,0.01,0.005,0.27,0.001,1.5,0.001,0.001,32.9,23.2,0.22,0.062,20.2,0.022,8.08,2021,588,0.4569789997764713,True,low,0.4044246213148957
1238,24.4491419,121.7800211,2025-10-01 12:12:31,2.0,1.7112703940138756,0.2887296059861244,Gradient Boosting,Aowei Bridge,Yilan County,Nanao Township,Nan-ao River,Nan-ao River,,1.0,,4.0,,450.0,266.0,,7.8,101.4,,,,,0.03,,,,1.5,,,30.0,29.9,,,28.5,,8.27,2025,589,0.2887296059861244,False,normal,0.4044246213148957
1238,24.4491419,121.7800211,2026-07-02 12:30:29,1.0,1.0428867179788925,-0.04288671797889254,Gradient Boosting,Aowei Bridge,Yilan County,Nanao Township,Nan-ao River,Nan-ao River,0.0017,1.0,0.001,4.0,,100.0,268.0,0.002,7.8,104.8,0.002,0.003,0.007,0.0003,0.03,0.005,0.14,,1.0,,0.001,12.4,31.8,,0.032,30.6,0.014,8.21,2026,590,0.04288671797889254,False,normal,0.4044246213148957
1239,24.32484,121.7430639,2021-01-06 13:37:00,1.5,1.4967622978279964,0.003237702172003587,Gradient Boosting,Dajhuoshuei Bridge,Yilan County,Nanao Township,Heping River,Heping River,0.0041,1.0,0.001,4.4,,2000.0,445.0,0.006,9.8,103.0,0.002,0.009,0.236,0.0003,0.02,0.006,0.19,0.004,3.25,0.001,0.001,290.0,18.6,0.2,0.214,17.9,0.013,8.35,2021,591,0.003237702172003587,False,normal,0.4044246213148957
1239,24.32484,121.7430639,2025-10-01 10:38:29,1.0,1.0428867179788925,-0.04288671797889254,Gradient Boosting,Dajhuoshuei Bridge,Yilan County,Nanao Township,Heping River,Heping River,,1.6,,53.3,,1000.0,396.0,,8.5,102.7,,,,,0.04,,,,3.25,,,8230.0,30.3,,,24.6,,8.26,2025,592,0.04288671797889254,False,normal,0.4044246213148957
1239,24.32484,121.7430639,2026-07-02 10:57:42,1.0,1.0428867179788925,-0.04288671797889254,Gradient Boosting,Dajhuoshuei Bridge,Yilan County,Nanao Township,Heping River,Heping River,0.0063,7.0,0.001,37.2,,85.0,462.0,0.011,7.9,103.2,0.002,0.014,0.795,0.0003,0.08,0.008,0.4,,4.5,,0.001,458.0,31.6,,0.533,28.8,0.052,7.84,2026,593,0.04288671797889254,False,normal,0.4044246213148957
1240,24.1813089,121.4954958,2021-01-06 11:03:30,1.5,1.4243405454834546,0.07565945451654543,Gradient Boosting,Podooda Bridge,Hualien County,Sioulin Township,Liwu River,Liwu River,0.0013,1.0,0.001,5.0,,240.0,494.0,0.005,10.0,106.5,0.002,0.01,0.201,0.0003,0.02,0.005,0.24,0.004,1.0,0.001,0.001,16.2,16.2,0.25,0.026,15.5,0.016,8.31,2021,594,0.07565945451654543,False,normal,0.4044246213148957
1241,24.1563481,121.6217481,2021-01-06 12:02:00,1.0,1.0428867179788925,-0.04288671797889254,Gradient Boosting,Geinwun Bridge,Hualien County,Sioulin Township,Liwu River,Liwu River,0.0016,1.0,0.001,4.0,,1600.0,315.0,0.001,6.4,70.8,0.002,0.003,0.015,0.0003,0.02,0.005,0.39,0.001,1.5,0.001,0.001,5.8,16.9,0.25,0.03,20.2,0.007,8.23,2021,595,0.04288671797889254,False,normal,0.4044246213148957
1241,24.1563481,121.6217481,2025-10-01 09:25:00,1.0,1.0428867179788925,-0.04288671797889254,Gradient Boosting,Geinwun Bridge,Hualien County,Sioulin Township,Liwu River,Liwu River,,3.2,,30.9,,800.0,374.0,,9.2,105.2,,,,,0.04,,,,1.66667,,,,30.1,,,21.9,,8.23,2025,596,0.04288671797889254,False,normal,0.4044246213148957
1241,24.1563481,121.6217481,2026-07-02 09:29:08,2.25,2.328944688801612,-0.0789446888016121,Gradient Boosting,Geinwun Bridge,Hualien County,Sioulin Township,Liwu River,Liwu River,0.0017,1.0,0.001,4.0,,85.0,407.0,0.001,8.4,103.3,0.002,0.003,0.032,0.0003,0.02,0.005,0.19,,1.5,,0.001,41.2,29.6,,0.027,25.8,0.009,8.19,2026,597,0.0789446888016121,False,normal,0.4044246213148957
1242,24.100662,121.608385,2021-01-06 10:05:38,1.0,1.0428867179788925,-0.04288671797889254,Gradient Boosting,Sanjhan Bridge,Hualien County,Sincheng Township,Sanjhan River,Sanjhan River,0.0014,1.0,0.001,4.0,,260.0,219.0,0.002,10.1,106.2,0.002,0.003,0.005,0.0003,0.02,0.005,0.38,0.005,1.0,0.001,0.001,1.4,16.4,0.29,0.019,17.9,0.016,8.4,2021,598,0.04288671797889254,False,normal,0.4044246213148957
1242,24.100662,121.608385,2025-10-01 08:45:40,4.5,4.344345567343586,0.155654432656414,Gradient Boosting,Sanjhan Bridge,Hualien County,Sincheng Township,Sanjhan River,Sanjhan River,,1.0,,5.9,,900.0,224.0,,9.3,109.2,,,,,0.07,,,,1.0,,,,28.8,,,23.3,,8.14,2025,599,0.155654432656414,False,normal,0.4044246213148957
1242,24.100662,121.608385,2026-07-02 08:45:41,1.0,1.0428867179788925,-0.04288671797889254,Gradient Boosting,Sanjhan Bridge,Hualien County,Sincheng Township,Sanjhan River,Sanjhan River,0.0013,1.0,0.001,4.9,,45.0,261.0,0.005,8.5,106.1,0.002,0.003,0.005,0.0003,0.05,0.005,0.17,,1.0,,0.001,1.7,28.3,,0.021,26.7,0.02,8.42,2026,600,0.04288671797889254,False,normal,0.4044246213148957
1243,24.005785,121.5460739,2021-01-06 09:13:13,1.0,1.0428867179788925,-0.04288671797889254,Gradient Boosting,Shueiwui Bridge,Hualien County,Sioulin Township,Meilun River,Meilun River,0.0006,1.0,0.001,4.0,,510.0,210.0,0.001,9.9,102.7,0.002,0.003,0.005,0.0003,0.01,0.005,0.3,0.002,1.0,0.001,0.001,1.6,17.4,0.41,0.011,17.0,0.007,8.22,2021,601,0.04288671797889254,False,normal,0.4044246213148957
1243,24.005785,121.5460739,2025-10-01 10:06:11,1.0,1.0428867179788925,-0.04288671797889254,Gradient Boosting,Shueiwui Bridge,Hualien County,Sioulin Township,Meilun River,Meilun River,,1.0,,4.0,,1100.0,204.0,,8.2,97.4,,,,,0.03,,,,1.0,,,4.8,29.7,,,23.5,,7.98,2025,602,0.04288671797889254,False,normal,0.4044246213148957
1243,24.005785,121.5460739,2026-07-02 10:12:31,1.0,1.0428867179788925,-0.04288671797889254,Gradient Boosting,Shueiwui Bridge,Hualien County,Sioulin Township,Meilun River,Meilun River,0.0009,1.0,0.001,4.0,,130.0,232.0,0.003,7.7,94.1,0.002,0.003,0.005,0.0003,0.03,0.005,0.36,,1.0,,0.001,2.1,33.6,,0.022,26.1,0.009,8.24,2026,603,0.04288671797889254,False,normal,0.4044246213148957
1244,24.016897,121.6049461,2021-01-06 09:45:00,2.25,2.523305249363899,-0.273305249363899,Gradient Boosting,Chiali No 2 Bridge,Hualien County,Sincheng Township,Meilun River,Meilun River,0.001,1.0,0.001,4.0,,40000.0,244.0,0.001,9.1,96.6,0.002,0.003,0.012,0.0003,0.25,0.005,0.47,0.054,1.0,0.001,0.001,3.8,18.1,0.81,0.086,18.2,0.006,7.9,2021,604,0.273305249363899,False,normal,0.4044246213148957
1244,24.016897,121.6049461,2025-10-01 10:38:53,1.0,1.253320402632711,-0.25332040263271094,Gradient Boosting,Chiali No 2 Bridge,Hualien County,Sincheng Township,Meilun River,Meilun River,,1.6,,5.7,,24000.0,361.0,,6.8,95.0,,,,,0.31,,,,1.0,,,1.8,30.4,,,32.8,,7.94,2025,605,0.25332040263271094,False,normal,0.4044246213148957
1244,24.016897,121.6049461,2026-07-02 10:42:24,3.25,3.280967123053613,-0.030967123053613044,Gradient Boosting,Chiali No 2 Bridge,Hualien County,Sincheng Township,Meilun River,Meilun River,0.0015,1.4,0.001,11.1,,2500.0,316.0,0.005,9.7,132.9,0.002,0.003,0.049,0.0003,0.34,0.005,0.46,,1.0,,0.001,4.8,31.2,,0.074,32.2,0.011,8.32,2026,606,0.030967123053613044,False,normal,0.4044246213148957
1245,24.009405,121.608395,2021-01-06 10:21:19,1.0,1.0428867179788925,-0.04288671797889254,Gradient Boosting,Chiacin Village,Hualien County,Sincheng Township,Meilun River,Meilun River,0.0012,1.0,0.001,6.3,,45000.0,339.0,0.002,7.5,81.5,0.002,0.003,0.037,0.0003,0.99,0.005,0.71,0.111,1.5,0.001,0.001,8.0,18.5,1.15,0.407,19.2,0.025,7.76,2021,607,0.04288671797889254,False,normal,0.4044246213148957
1245,24.009405,121.608395,2025-10-01 11:10:34,1.0,1.253320402632711,-0.25332040263271094,Gradient Boosting,Chiacin Village,Hualien County,Sincheng Township,Meilun River,Meilun River,,1.3,,4.6,,110000.0,432.0,,6.8,90.0,,,,,0.57,,,,1.5,,,7.9,31.2,,,30.4,,7.67,2025,608,0.25332040263271094,False,normal,0.4044246213148957
1245,24.009405,121.608395,2026-07-02 11:11:28,1.0,1.0428867179788925,-0.04288671797889254,Gradient Boosting,Chiacin Village,Hualien County,Sincheng Township,Meilun River,Meilun River,0.0025,1.3,0.001,5.2,,4200.0,410.0,0.003,7.2,97.9,0.002,0.003,0.142,0.0003,0.78,0.005,0.53,,1.5,,0.001,14.4,31.6,,0.301,31.7,0.01,7.88,2026,609,0.04288671797889254,False,normal,0.4044246213148957
1246,23.9803261,121.6119539,2021-01-06 10:56:00,1.5,1.6915885615678277,-0.19158856156782766,Gradient Boosting,Jhongjheng Bridge,Hualien County,Hualian City,Meilun River,Meilun River,0.0012,1.2,0.001,7.2,,250000.0,442.0,0.001,6.1,67.8,0.002,0.004,0.049,0.0003,0.65,0.005,1.44,0.113,2.0,0.001,0.001,14.2,19.6,1.33,0.254,20.4,0.012,7.69,2021,610,0.19158856156782766,False,normal,0.4044246213148957
1246,23.9803261,121.6119539,2025-10-01 11:47:17,1.0,1.0484030473186072,-0.04840304731860723,Gradient Boosting,Jhongjheng Bridge,Hualien County,Hualian City,Meilun River,Meilun River,,1.2,,6.1,,76000.0,455.0,,6.6,85.7,,,,,0.37,,,,1.0,,,12.1,32.1,,,29.2,,7.73,2025,611,0.04840304731860723,False,normal,0.4044246213148957
1246,23.9803261,121.6119539,2026-07-02 11:45:15,1.5,1.4967622978279964,0.003237702172003587,Gradient Boosting,Jhongjheng Bridge,Hualien County,Hualian City,Meilun River,Meilun River,0.002,1.3,0.001,6.3,,26000.0,466.0,0.003,6.7,88.2,0.002,0.003,0.102,0.0003,0.41,0.005,1.04,,1.5,,0.001,33.2,32.0,,0.212,30.0,0.01,7.82,2026,612,0.003237702172003587,False,normal,0.4044246213148957
1247,23.9833333,121.5695833,2021-01-06 08:04:00,1.5,1.4967622978279964,0.003237702172003587,Gradient Boosting,Taichang Bridge,Hualien County,Jian Township,Jian River,Jian River,0.0012,1.0,0.001,6.3,,28000.0,456.0,0.001,9.9,101.0,0.002,0.003,0.014,0.0003,0.04,0.005,0.18,0.006,1.0,0.001,0.001,15.5,16.2,0.47,0.039,16.4,0.026,8.3,2021,613,0.003237702172003587,False,normal,0.4044246213148957
1247,23.9833333,121.5695833,2025-10-01 08:35:24,1.0,1.0428867179788925,-0.04288671797889254,Gradient Boosting,Taichang Bridge,Hualien County,Jian Township,Jian River,Jian River,,1.0,,4.0,,81000.0,190.0,,8.8,98.6,,,,,0.06,,,,1.0,,,3.7,28.1,,,20.4,,7.78,2025,614,0.04288671797889254,False,normal,0.4044246213148957
1247,23.9833333,121.5695833,2026-07-02 08:40:14,3.25,3.3499007493975634,-0.09990074939756344,Gradient Boosting,Taichang Bridge,Hualien County,Jian Township,Jian River,Jian River,0.0013,1.0,0.001,4.0,,4500.0,420.0,0.009,8.3,99.2,0.002,0.003,0.015,0.0003,0.07,0.005,0.15,,1.5,,0.001,20.6,27.8,,0.045,24.1,0.01,8.42,2026,615,0.09990074939756344,False,normal,0.4044246213148957
1248,23.9687778,121.5944444,2021-01-06 08:30:36,1.5,1.4967622978279964,0.003237702172003587,Gradient Boosting,Renli Bridge,Hualien County,Jian Township,Jian River,Jian River,0.0011,1.0,0.001,4.0,,34000.0,447.0,0.001,9.9,101.1,0.002,0.003,0.008,0.0003,0.15,0.005,0.32,0.015,1.0,0.001,0.001,15.6,16.8,0.62,0.098,16.7,0.016,8.16,2021,616,0.003237702172003587,False,normal,0.4044246213148957
1248,23.9687778,121.5944444,2025-10-01 09:17:20,3.25,3.3499007493975634,-0.09990074939756344,Gradient Boosting,Renli Bridge,Hualien County,Jian Township,Jian River,Jian River,,1.0,,4.0,,61000.0,284.0,,8.6,100.8,,,,,0.33,,,,1.0,,,4.3,29.2,,,23.3,,7.68,2025,617,0.09990074939756344,False,normal,0.4044246213148957
1248,23.9687778,121.5944444,2026-07-02 09:18:53,3.25,3.3499007493975634,-0.09990074939756344,Gradient Boosting,Renli Bridge,Hualien County,Jian Township,Jian River,Jian River,0.0018,1.2,0.001,7.0,,18000.0,426.0,0.005,8.5,102.8,0.002,0.003,0.037,0.0003,0.31,0.005,0.33,,2.25,,0.001,53.1,28.9,,0.078,25.1,0.014,8.34,2026,618,0.09990074939756344,False,normal,0.4044246213148957
1249,23.7195969,121.4262389,2021-01-06 10:38:00,1.5,1.4967622978279964,0.003237702172003587,Gradient Boosting,Wanlici Bridge,Hualien County,Fonglin Township,Hualien River,Hualien River,0.0054,1.0,0.001,4.4,,540.0,445.0,0.001,9.6,104.2,0.002,0.003,0.011,0.0003,0.13,0.005,0.34,0.02,1.0,0.001,0.001,14.6,18.3,0.33,0.02,19.0,0.008,8.23,2021,619,0.003237702172003587,False,normal,0.4044246213148957
1249,23.7195969,121.4262389,2025-10-01 09:26:29,3.25,3.3499007493975634,-0.09990074939756344,Gradient Boosting,Wanlici Bridge,Hualien County,Fonglin Township,Hualien River,Hualien River,,6.2,,16.8,,1100.0,382.0,,9.7,115.2,,,,,0.14,,,,4.5,,,424.0,28.2,,,23.5,,8.09,2025,620,0.09990074939756344,False,normal,0.4044246213148957
1249,23.7195969,121.4262389,2026-07-02 09:19:12,1.5,1.4967622978279964,0.003237702172003587,Gradient Boosting,Wanlici Bridge,Hualien County,Fonglin Township,Hualien River,Hualien River,0.0041,1.0,0.001,4.0,,40.0,455.0,0.002,8.0,103.3,0.002,0.003,0.011,0.0003,0.17,0.005,0.29,,1.0,,0.001,1.4,29.6,,0.021,27.8,0.008,8.22,2026,621,0.003237702172003587,False,normal,0.4044246213148957
1250,23.813225,121.452568,2021-01-06 11:21:00,5.0,4.568462178233188,0.43153782176681243,Gradient Boosting,Fonpin Bridge,Hualien County,Shoufong Township,Hualien River,Hualien River,0.001,1.0,0.001,4.0,,23000.0,344.0,0.001,9.4,101.2,0.002,0.003,0.006,0.0003,0.01,0.005,0.23,0.003,1.0,0.001,0.001,7.8,18.0,0.29,0.043,18.3,0.014,8.36,2021,622,0.43153782176681243,True,high,0.4044246213148957
1250,23.813225,121.452568,2025-10-01 10:09:41,3.75,3.753517089046649,-0.0035170890466491578,Gradient Boosting,Fonpin Bridge,Hualien County,Shoufong Township,Hualien River,Hualien River,,1.0,,7.7,,150.0,308.0,,8.6,104.2,,,,,0.05,,,,1.0,,,,30.0,,,24.2,,8.11,2025,623,0.0035170890466491578,False,normal,0.4044246213148957
1250,23.813225,121.452568,2026-07-02 09:55:19,2.5,2.2327841413753102,0.2672158586246898,Gradient Boosting,Fonpin Bridge,Hualien County,Shoufong Township,Hualien River,Hualien River,0.0009,1.0,0.001,4.0,,35.0,368.0,0.002,7.8,100.9,0.002,0.003,0.005,0.0003,0.05,0.005,0.16,,1.0,,0.001,1.0,31.8,,0.027,27.6,0.02,8.28,2026,624,0.2672158586246898,False,normal,0.4044246213148957
1251,23.9235458,121.5976989,2021-01-06 12:17:00,4.25,3.958009445154149,0.2919905548458508,Gradient Boosting,Hualienda Bridge,Hualien County,Jian Township,Hualien River,Hualien River,0.0015,1.0,0.001,5.5,,3900.0,401.0,0.001,8.7,95.2,0.002,0.003,0.032,0.0003,0.03,0.005,0.59,0.016,2.25,0.001,0.001,91.3,17.7,0.53,0.08,20.0,0.008,8.13,2021,625,0.2919905548458508,False,normal,0.4044246213148957
1251,23.9235458,121.5976989,2025-10-01 11:29:00,3.75,3.760455011898198,-0.010455011898197863,Gradient Boosting,Hualienda Bridge,Hualien County,Jian Township,Hualien River,Hualien River,,1.8,,16.7,,6000.0,368.0,,8.0,103.1,,,,,0.13,,,,1.0,,,,30.8,,,28.1,,7.92,2025,626,0.010455011898197863,False,normal,0.4044246213148957
1251,23.9235458,121.5976989,2026-07-02 11:15:00,1.0,1.0428867179788925,-0.04288671797889254,Gradient Boosting,Hualienda Bridge,Hualien County,Jian Township,Hualien River,Hualien River,0.0092,1.0,0.001,5.6,,2000.0,428.0,0.009,7.0,94.4,0.002,0.008,0.468,0.0003,0.09,0.016,0.42,,3.25,,0.001,458.0,32.9,,0.899,30.9,0.019,7.94,2026,627,0.04288671797889254,False,normal,0.4044246213148957
1252,23.9316939,121.5385861,2021-01-06 08:47:00,1.0,1.0428867179788925,-0.04288671797889254,Gradient Boosting,Mugua River Bridge,Hualien County,Jian Township,Hualien River,Mugua River,0.0009,1.0,0.001,4.0,,2400.0,279.0,0.001,9.8,101.6,0.002,0.003,0.005,0.0003,0.02,0.005,0.33,0.001,1.0,0.001,0.001,3.6,16.1,0.26,0.014,17.1,0.013,8.34,2021,628,0.04288671797889254,False,normal,0.4044246213148957
1252,23.9316939,121.5385861,2025-10-01 07:48:23,1.0,1.0428867179788925,-0.04288671797889254,Gradient Boosting,Mugua River Bridge,Hualien County,Jian Township,Hualien River,Mugua River,,1.0,,27.4,,850.0,321.0,,9.0,104.6,,,,,0.04,,,,1.0,,,,27.7,,,22.4,,8.09,2025,629,0.04288671797889254,False,normal,0.4044246213148957
1252,23.9316939,121.5385861,2026-07-02 07:47:37,1.0,1.0428867179788925,-0.04288671797889254,Gradient Boosting,Mugua River Bridge,Hualien County,Jian Township,Hualien River,Mugua River,0.001,1.0,0.001,4.0,,130.0,325.0,0.002,8.4,101.6,0.002,0.003,0.018,0.0003,0.09,0.005,0.17,,1.0,,0.001,7.2,28.4,,0.025,25.7,0.012,8.34,2026,630,0.04288671797889254,False,normal,0.4044246213148957
1253,23.322925,121.3277661,2021-01-06 07:58:00,3.25,3.280967123053613,-0.030967123053613044,Gradient Boosting,Yulida Bridge,Hualien County,Yuli Township,Siouguluan River,Siouguluan River,0.0014,1.0,0.001,4.0,,24000.0,397.0,0.001,9.7,100.3,0.002,0.003,0.015,0.0003,0.08,0.005,0.26,0.011,1.5,0.001,0.001,49.2,17.0,0.55,0.089,16.6,0.011,8.19,2021,631,0.030967123053613044,False,normal,0.4044246213148957
1254,23.3936781,121.333626,2021-01-06 08:47:14,1.0,1.0428867179788925,-0.04288671797889254,Gradient Boosting,Taipingci Bridge,Hualien County,Yuli Township,Siouguluan River,Siouguluan River,0.0013,1.0,0.001,4.0,,6500.0,274.0,0.001,10.0,103.9,0.002,0.003,0.007,0.0003,0.01,0.005,0.21,0.001,1.0,0.001,0.001,19.8,16.8,0.37,0.04,16.4,0.018,8.2,2021,632,0.04288671797889254,False,normal,0.4044246213148957
1254,23.3936781,121.333626,2026-07-02 07:27:27,1.0,1.0428867179788925,-0.04288671797889254,Gradient Boosting,Taipingci Bridge,Hualien County,Yuli Township,Siouguluan River,Siouguluan River,0.0022,1.0,0.001,4.0,,120.0,294.0,0.006,8.5,103.2,0.002,0.003,0.053,0.0003,0.06,0.005,0.23,,1.5,,0.001,25.9,27.6,,0.069,24.7,0.009,8.15,2026,633,0.04288671797889254,False,normal,0.4044246213148957
1255,23.4854,121.4040161,2021-01-06 09:41:00,3.25,3.280967123053613,-0.030967123053613044,Gradient Boosting,Rueisueida Bridge,Hualien County,Rueisuei Township,Siouguluan River,Siouguluan River,0.0014,1.0,0.001,5.1,,19000.0,391.0,0.001,9.3,100.1,0.002,0.003,0.026,0.0003,0.07,0.005,0.32,0.018,1.5,0.001,0.001,28.0,17.2,0.45,0.092,18.8,0.011,8.1,2021,634,0.030967123053613044,False,normal,0.4044246213148957
1255,23.4854,121.4040161,2026-07-02 08:13:03,1.0,1.0428867179788925,-0.04288671797889254,Gradient Boosting,Rueisueida Bridge,Hualien County,Rueisuei Township,Siouguluan River,Siouguluan River,0.0021,1.0,0.001,5.2,,2700.0,438.0,0.003,7.8,98.8,0.002,0.003,0.042,0.0003,0.08,0.005,0.23,,1.0,,0.001,6.4,28.2,,0.058,26.9,0.01,8.14,2026,635,0.04288671797889254,False,normal,0.4044246213148957
1256,23.1256381,121.169128,2021-01-08 09:06:00,1.0,1.0428867179788925,-0.04288671797889254,Gradient Boosting,Choulia Bridge,Taitung County,Haiduan Township,Beinan River,Beinan River,,,,,,,,,,,,,,,,,,,,,,,15.6,,,,,,2021,636,0.04288671797889254,False,normal,0.4044246213148957
1256,23.1256381,121.169128,2025-10-14 08:58:00,1.0,1.0428867179788925,-0.04288671797889254,Gradient Boosting,Choulia Bridge,Taitung County,Haiduan Township,Beinan River,Sinwulyu River,,1.0,,18.8,,850.0,473.0,,8.1,98.0,,,,,0.04,,,,3.25,,,1930.0,28.0,,,23.7,,8.24,2025,637,0.04288671797889254,False,normal,0.4044246213148957
1257,22.891445,121.0941989,2021-01-08 10:01:15,1.0,1.0484030473186072,-0.04840304731860723,Gradient Boosting,Lumin Bridge,Taitung County,Luye Township,Beinan River,Beinan River,0.002,1.0,0.001,4.0,,120.0,564.0,0.001,9.4,94.8,0.002,0.003,0.116,0.0003,0.14,0.005,0.17,0.009,1.5,0.001,0.001,30.0,14.6,0.28,0.022,15.3,0.006,8.25,2021,638,0.04840304731860723,False,normal,0.4044246213148957
1257,22.891445,121.0941989,2025-10-14 10:17:00,1.0,1.0428867179788925,-0.04288671797889254,Gradient Boosting,Lumin Bridge,Taitung County,Luye Township,Beinan River,Luya River,,1.0,,163.0,,450.0,470.0,,8.2,101.0,,,,,0.12,,,,3.25,,,1920.0,29.8,,,25.3,,8.2,2025,639,0.04288671797889254,False,normal,0.4044246213148957
1257,22.891445,121.0941989,2026-07-07 10:49:00,1.5,1.5258336261382865,-0.025833626138286547,Gradient Boosting,Lumin Bridge,Taitung County,Luye Township,Beinan River,Luya River,0.0098,1.0,0.001,65.1,,500.0,601.0,0.037,7.7,102.0,0.002,0.061,2.06,0.0003,0.11,0.052,0.08,,3.25,,0.001,3950.0,31.9,,2.5,29.3,0.166,8.16,2026,640,0.025833626138286547,False,normal,0.4044246213148957
1258,22.7922331,121.144475,2021-01-08 11:32:32,5.75,5.729950716357947,0.02004928364205316,Gradient Boosting,Taitungda Bridge,Taitung County,Taitung City,Beinan River,Beinan River,0.0015,1.0,0.001,4.0,,1200.0,602.0,0.003,9.9,98.5,0.002,0.003,0.072,0.0003,0.04,0.005,0.41,0.007,1.5,0.001,0.001,27.1,14.2,0.42,0.032,15.4,0.006,8.3,2021,641,0.02004928364205316,False,normal,0.4044246213148957
1258,22.7922331,121.144475,2025-10-14 11:20:00,5.75,5.639524997814461,0.11047500218553896,Gradient Boosting,Taitungda Bridge,Taitung County,Taitung City,Beinan River,Beinan River,,1.0,,55.0,,13000.0,494.0,,8.1,102.4,,,,,0.08,,,,3.25,,,747.0,30.7,,,27.6,,8.24,2025,642,0.11047500218553896,False,normal,0.4044246213148957
1259,22.8139722,121.05,2021-01-08 10:45:00,6.25,6.226619862319938,0.02338013768006242,Gradient Boosting,Dabaliugeoba Intake,Taitung County,Beinan Township,Tai Pingsi,Tai Pingsi,,,,,,,,,,,,,,,,,,,,,,,15.2,,,,,,2021,643,0.02338013768006242,False,normal,0.4044246213148957
1260,22.7659811,121.132595,2021-01-08 12:20:52,1.5,1.2878057476559477,0.21219425234405231,Gradient Boosting,Malan Bridge,Taitung County,Taitung City,Tai Pingsi,Tai Pingsi,0.0015,1.0,0.001,4.0,,23000.0,515.0,0.001,9.8,96.9,0.002,0.003,0.041,0.0003,0.21,0.005,0.38,0.03,1.5,0.001,0.001,29.6,14.0,0.66,0.069,15.2,0.019,8.49,2021,644,0.21219425234405231,False,normal,0.4044246213148957
1260,22.7659811,121.132595,2025-10-14 12:19:00,3.5,3.8253400832489914,-0.32534008324899144,Gradient Boosting,Malan Bridge,Taitung County,Taitung City,Tai Pingsi,Tai Pingsi,,6.8,,52.4,,1300000.0,354.0,,7.0,97.4,,,,,0.58,,,,5.0,,,764.0,31.7,,,32.9,,8.7,2025,645,0.32534008324899144,False,normal,0.4044246213148957
1260,22.7659811,121.132595,2026-07-07 12:47:00,2.0,1.8712350081468392,0.12876499185316082,Gradient Boosting,Malan Bridge,Taitung County,Taitung City,Tai Pingsi,Tai Pingsi,0.0092,3.9,0.001,53.5,,200000.0,577.0,0.023,6.8,93.4,0.002,0.032,0.864,0.0003,0.32,0.034,0.55,,3.75,,0.001,2240.0,34.8,,1.19,32.3,0.12,8.33,2026,646,0.12876499185316082,False,normal,0.4044246213148957
1261,22.7464489,121.1423269,2021-01-08 13:00:27,2.5,2.952494656745264,-0.4524946567452641,Gradient Boosting,Fonli Bridge,Taitung County,Taitung City,Tai Pingsi,Tai Pingsi,0.0016,4.7,0.001,11.7,,190000.0,562.0,0.002,9.2,90.9,0.002,0.003,0.053,0.0003,0.56,0.005,0.42,0.029,2.5,0.001,0.001,39.7,14.1,2.12,0.15,15.3,0.012,8.31,2021,647,0.4524946567452641,True,low,0.4044246213148957
1261,22.7464489,121.1423269,2025-10-14 13:23:10,4.0,4.007865514584864,-0.007865514584864286,Gradient Boosting,Fonli Bridge,Taitung County,Taitung City,Tai Pingsi,Tai Pingsi,,2.8,,47.8,,600000.0,478.0,,6.1,82.8,,,,,0.63,,,,4.25,,,1150.0,31.9,,,31.8,,8.11,2025,648,0.007865514584864286,False,normal,0.4044246213148957
1261,22.7464489,121.1423269,2026-07-07 13:46:00,2.0,1.748293989879071,0.25170601012092897,Gradient Boosting,Fonli Bridge,Taitung County,Taitung City,Tai Pingsi,Tai Pingsi,0.013,1.7,0.001,60.0,,200000.0,599.0,0.039,6.1,84.3,0.002,0.044,1.45,0.0003,0.36,0.05,0.56,,3.75,,0.001,2200.0,34.5,,1.05,32.2,0.179,8.12,2026,649,0.25170601012092897,False,normal,0.4044246213148957
1262,22.7607919,121.049225,2021-01-07 12:25:00,1.0,1.0428867179788925,-0.04288671797889254,Gradient Boosting,Danan Bridge,Taitung County,Taitung City,Lijiia River,Lijiia River,,,,,,,,,,,,,,,,,,,,,,,20.2,,,,,,2021,650,0.04288671797889254,False,normal,0.4044246213148957
1262,22.7607919,121.049225,2025-10-13 13:27:00,1.0,1.0428867179788925,-0.04288671797889254,Gradient Boosting,Danan Bridge,Taitung County,Taitung City,Lijiia River,Lijiia River,,1.0,,4.8,,110.0,398.0,,7.8,100.2,,,,,0.01,,,,1.0,,,13.8,32.0,,,27.9,,8.36,2025,651,0.04288671797889254,False,normal,0.4044246213148957
1262,22.7607919,121.049225,2026-07-06 13:29:20,1.0,1.0428867179788925,-0.04288671797889254,Gradient Boosting,Danan Bridge,Taitung County,Taitung City,Lijiia River,Lijiia River,0.0006,1.0,0.001,4.0,,300.0,392.0,0.001,7.5,102.1,0.002,0.003,0.009,0.0003,0.02,0.005,0.12,,1.0,,0.001,8.3,33.9,,0.017,30.4,0.004,8.34,2026,652,0.04288671797889254,False,normal,0.4044246213148957
1263,22.7234658,121.0951981,2021-01-07 13:25:23,1.5,1.4663513643368211,0.03364863566317888,Gradient Boosting,Fongyuanda Bridge,Taitung County,Taitung City,Lijiia River,Lijiia River,0.0012,1.0,0.001,4.0,,14000.0,555.0,0.001,9.6,102.7,0.002,0.003,0.032,0.0003,0.14,0.005,0.45,0.009,1.0,0.001,0.001,13.1,20.2,0.67,0.044,19.0,0.005,8.38,2021,653,0.03364863566317888,False,normal,0.4044246213148957
1263,22.7234658,121.0951981,2025-10-13 14:16:00,1.0,1.0428867179788925,-0.04288671797889254,Gradient Boosting,Fongyuanda Bridge,Taitung County,Taitung City,Lijiia River,Lijiia River,,,,,,,,,,,,,,,,,,,,,,,32.3,,,,,,2025,654,0.04288671797889254,False,normal,0.4044246213148957
1264,22.6951667,121.0247778,2021-01-07 10:57:00,1.0,1.0428867179788925,-0.04288671797889254,Gradient Boosting,Jhihben hotspring Bridge,Taitung County,Beinan Township,Jhihben River,Jhihben River,0.0009,1.0,0.001,4.0,,1500.0,430.0,0.001,9.4,100.8,0.002,0.003,0.038,0.0003,0.07,0.005,0.21,0.007,1.0,0.001,0.001,5.4,19.0,0.5,0.023,18.9,0.006,8.26,2021,655,0.04288671797889254,False,normal,0.4044246213148957
1264,22.6951667,121.0247778,2025-10-13 12:01:00,1.5,1.4967622978279964,0.003237702172003587,Gradient Boosting,Jhihben hotspring Bridge,Taitung County,Beinan Township,Jhihben River,Jhihben River,,1.0,,8.4,,1300.0,375.0,,7.8,100.2,,,,,0.07,,,,3.25,,,294.0,31.0,,,27.8,,7.96,2025,656,0.003237702172003587,False,normal,0.4044246213148957
1264,22.6951667,121.0247778,2026-07-06 12:01:00,3.25,3.1580844187797394,0.09191558122026056,Gradient Boosting,Jhihben hotspring Bridge,Taitung County,Beinan Township,Jhihben River,Jhihben River,0.0012,1.0,0.001,4.0,,200.0,408.0,0.001,7.7,102.4,0.002,0.003,0.026,0.0003,0.06,0.005,0.17,,1.0,,0.001,8.7,32.9,,0.02,29.5,0.006,8.1,2026,657,0.09191558122026056,False,normal,0.4044246213148957
1265,22.701396,121.0396,2021-01-07 11:38:00,1.0,1.0428867179788925,-0.04288671797889254,Gradient Boosting,Jhihben Bridge,Taitung County,Taimali Township,Jhihben River,Jhihben River,0.0008,1.0,0.001,4.0,,650.0,439.0,0.001,9.4,102.0,0.002,0.003,0.028,0.0003,0.04,0.005,0.22,0.014,1.0,0.001,0.001,5.5,19.5,0.52,0.023,19.4,0.005,8.38,2021,658,0.04288671797889254,False,normal,0.4044246213148957
1265,22.701396,121.0396,2025-10-13 12:37:00,1.5,1.4967622978279964,0.003237702172003587,Gradient Boosting,Jhihben Bridge,Taitung County,Taimali Township,Jhihben River,Jhihben River,,1.0,,7.0,,1800.0,390.0,,7.8,100.3,,,,,0.07,,,,3.25,,,266.0,31.3,,,28.5,,8.0,2025,659,0.003237702172003587,False,normal,0.4044246213148957
1265,22.701396,121.0396,2026-07-06 12:40:00,1.0,1.0428867179788925,-0.04288671797889254,Gradient Boosting,Jhihben Bridge,Taitung County,Taimali Township,Jhihben River,Jhihben River,0.0012,1.0,0.001,5.4,,65.0,367.0,0.001,7.8,104.2,0.002,0.003,0.023,0.0003,0.05,0.005,0.18,,1.0,,0.001,7.1,33.3,,0.017,30.5,0.007,8.28,2026,660,0.04288671797889254,False,normal,0.4044246213148957
1266,22.0015833,120.8190556,2021-01-04 15:50:18,1.0,1.0428867179788925,-0.04288671797889254,Gradient Boosting,Gangkou Bridge,Pingtung County,Manjhou Township,Gangkou River,Gangkou River,0.0003,1.0,0.001,4.0,,110.0,419.0,0.002,9.8,117.1,0.002,0.003,0.014,0.0003,0.01,0.005,0.06,0.002,1.0,0.001,0.001,3.4,24.8,1.13,0.023,24.3,0.008,8.27,2021,661,0.04288671797889254,False,normal,0.4044246213148957
1266,22.0015833,120.8190556,2025-10-09 14:20:14,4.0,4.036725118999967,-0.03672511899996689,Gradient Boosting,Gangkou Bridge,Pingtung County,Manjhou Township,Gangkou River,Gangkou River,,1.0,,4.4,,55.0,406.0,,8.4,114.5,,,,,0.01,,,,1.0,,,5.2,33.4,,,31.5,,8.44,2025,662,0.03672511899996689,False,normal,0.4044246213148957
1266,22.0015833,120.8190556,2026-07-14 13:34:28,4.0,4.082990720958263,-0.08299072095826343,Gradient Boosting,Gangkou Bridge,Pingtung County,Manjhou Township,Gangkou River,Gangkou River,0.0006,1.0,0.001,6.7,,37000.0,362.0,0.002,9.5,124.4,0.002,0.003,0.026,0.0003,0.05,0.005,0.02,,1.0,,0.001,17.3,29.9,,0.165,29.4,0.023,8.4,2026,663,0.08299072095826343,False,normal,0.4044246213148957
1267,21.988695,120.841085,2021-01-04 15:10:57,2.75,2.5010446501414183,0.2489553498585817,Gradient Boosting,Hichenda Bridge,Pingtung County,Manjhou Township,Gangkou River,Gangkou River,0.0003,1.0,0.001,6.6,4290.0,60.0,14200.0,0.001,8.3,104.8,0.002,0.003,0.024,0.0003,0.09,0.005,0.03,0.002,1.0,0.001,0.001,6.3,25.8,1.56,0.022,25.5,0.008,8.11,2021,664,0.2489553498585817,False,normal,0.4044246213148957
1267,21.988695,120.841085,2025-10-09 13:20:54,3.75,3.942648091647879,-0.19264809164787922,Gradient Boosting,Hichenda Bridge,Pingtung County,Manjhou Township,Gangkou River,Gangkou River,,1.0,,13.2,1890.0,350.0,6620.0,,8.8,120.2,,,,,0.02,,,,1.5,,,27.2,32.5,,,31.2,,8.16,2025,665,0.19264809164787922,False,normal,0.4044246213148957
1268,22.8030556,120.2796944,2021-01-06 12:52:21,1.0,1.253320402632711,-0.25332040263271094,Gradient Boosting,Cianchou Bridge,Kaohsiung City,Gangshan District,Agongdian River,Agongdian River,0.0066,5.8,0.001,40.3,,450000.0,1570.0,0.004,2.4,27.1,0.002,0.003,0.092,0.0003,15.3,0.01,4.81,0.49,5.75,0.001,0.001,9.0,21.8,8.08,1.71,21.0,0.091,7.8,2021,666,0.25332040263271094,False,normal,0.4044246213148957
1268,22.8030556,120.2796944,2025-10-08 12:00:00,6.5,6.441031014936984,0.05896898506301618,Gradient Boosting,Cianchou Bridge,Kaohsiung City,Gangshan District,Agongdian River,Agongdian River,,7.6,,36.2,,410000.0,1550.0,,2.5,33.8,,,,,10.3,,,,5.75,,,13.4,33.7,,,31.5,,7.74,2025,667,0.05896898506301618,False,normal,0.4044246213148957
1268,22.8030556,120.2796944,2026-07-16 14:21:51,1.0,1.0428867179788925,-0.04288671797889254,Gradient Boosting,Cianchou Bridge,Kaohsiung City,Gangshan District,Agongdian River,Agongdian River,0.0109,11.4,0.001,49.0,,450000.0,1520.0,0.004,4.3,58.4,0.002,0.003,0.171,0.0003,11.0,0.012,6.47,,6.25,,0.001,46.7,30.1,,7.09,31.3,0.047,7.88,2026,668,0.04288671797889254,False,normal,0.4044246213148957
1269,25.063235,121.6120211,2021-01-04 11:21:11,1.0,1.0428867179788925,-0.04288671797889254,Gradient Boosting,Nanhooda Bridge,Taipei City,Nangang District ,Danshuei River,Keelung River,0.0005,2.7,0.001,9.1,20.5,91000.0,224.0,0.007,6.9,72.3,0.002,0.003,0.044,0.0003,0.64,0.005,1.33,0.126,1.5,0.001,0.001,14.6,17.4,1.62,0.161,18.1,0.016,7.38,2021,669,0.04288671797889254,False,normal,0.4044246213148957
1269,25.063235,121.6120211,2025-10-08 08:07:25,1.0,1.0428867179788925,-0.04288671797889254,Gradient Boosting,Nanhooda Bridge,Taipei City,Nangang District ,Danshuei River,Keelung River,,2.5,,14.4,26.9,130000.0,334.0,,2.1,27.3,,,,,2.26,,,,3.5,,,18.2,28.0,,,29.7,,7.53,2025,670,0.04288671797889254,False,normal,0.4044246213148957
1269,25.063235,121.6120211,2026-07-06 11:35:29,3.5,3.5981608763342,-0.0981608763341999,Gradient Boosting,Nanhooda Bridge,Taipei City,Nangang District ,Danshuei River,Keelung River,0.0008,2.1,0.001,6.2,23.1,62000.0,250.0,0.004,5.2,71.1,0.002,0.003,0.05,0.0003,0.66,0.005,1.22,,2.0,,0.001,12.7,28.9,,0.185,31.7,0.016,7.8,2026,671,0.0981608763341999,False,normal,0.4044246213148957
1270,25.0536689,121.583295,2021-01-04 10:34:03,1.0,1.0428867179788925,-0.04288671797889254,Gradient Boosting,Chenmei Bridge,Taipei City,Neihu District ,Danshuei River,Keelung River,0.0005,3.5,0.001,11.5,19.9,230000.0,232.0,0.003,5.8,60.2,0.002,0.003,0.036,0.0003,0.99,0.005,1.33,0.134,2.5,0.001,0.001,8.0,18.6,2.56,0.212,18.0,0.014,7.14,2021,672,0.04288671797889254,False,normal,0.4044246213148957
1270,25.0536689,121.583295,2025-10-08 07:15:39,2.25,2.361181630752771,-0.1111816307527711,Gradient Boosting,Chenmei Bridge,Taipei City,Neihu District ,Danshuei River,Keelung River,,1.7,,14.0,26.2,66000.0,323.0,,2.8,36.0,,,,,1.97,,,,4.0,,,23.4,25.5,,,29.5,,7.55,2025,673,0.1111816307527711,False,normal,0.4044246213148957
1270,25.0536689,121.583295,2026-07-06 10:48:32,4.0,3.9017716520921977,0.09822834790780233,Gradient Boosting,Chenmei Bridge,Taipei City,Neihu District ,Danshuei River,Keelung River,0.0008,1.7,0.001,9.4,21.9,58000.0,248.0,0.006,4.7,63.5,0.002,0.003,0.051,0.0003,0.54,0.005,1.22,,2.0,,0.001,18.5,28.5,,0.149,31.1,0.013,7.54,2026,674,0.09822834790780233,False,normal,0.4044246213148957
1271,24.9123311,121.547495,2021-01-07 08:36:54,2.25,2.0924380943002046,0.15756190569979545,Gradient Boosting,Chiuche Weir,New Taipei City,Sindian District,Danshuei River,Sindian River,0.0003,1.0,0.001,4.0,,8200.0,78.0,0.001,8.5,88.0,0.002,0.003,0.013,0.0003,0.02,0.005,0.47,0.004,1.0,0.001,0.001,2.8,12.1,0.48,0.02,17.3,0.006,7.48,2021,675,0.15756190569979545,False,normal,0.4044246213148957
1271,24.9123311,121.547495,2025-10-09 08:25:40,1.0,1.0428867179788925,-0.04288671797889254,Gradient Boosting,Chiuche Weir,New Taipei City,Sindian District,Danshuei River,Sindian River,,1.0,,9.5,,3300.0,130.0,,8.7,105.4,,,,,0.05,,,,1.0,,,1.4,27.4,,,25.0,,7.96,2025,676,0.04288671797889254,False,normal,0.4044246213148957
1271,24.9123311,121.547495,2026-07-07 07:09:34,8.25,7.708456388437439,0.5415436115625614,Gradient Boosting,Chiuche Weir,New Taipei City,Sindian District,Danshuei River,Sindian River,0.0003,1.0,0.001,4.0,,120.0,76.0,0.002,7.6,89.4,0.002,0.003,0.005,0.0003,0.06,0.005,0.42,,1.0,,0.001,1.2,26.5,,0.016,23.2,0.012,7.04,2026,677,0.5415436115625614,True,high,0.4044246213148957
1272,24.9414411,121.5452139,2025-10-09 10:15:39,4.5,4.1402022444830715,0.3597977555169285,Gradient Boosting,Chintan Weir,New Taipei City,Sindian District,Danshuei River,Sindian River,,1.3,,10.2,,80.0,118.0,,5.7,68.6,,,,,0.05,,,,1.5,,,2.0,30.7,,,25.8,,7.43,2025,678,0.3597977555169285,False,normal,0.4044246213148957
1272,24.9429167,121.5458333,2021-01-07 10:26:00,4.5,4.595161820719266,-0.09516182071926593,Gradient Boosting,Chintan Weir,New Taipei City,Sindian District,Danshuei River,Sindian River,0.0003,1.0,0.001,4.0,,7800.0,80.0,0.001,9.3,96.2,0.002,0.003,0.017,0.0003,0.01,0.005,0.47,0.004,1.0,0.001,0.001,7.6,13.2,0.6,0.036,17.1,0.004,7.29,2021,679,0.09516182071926593,False,normal,0.4044246213148957
1272,24.9429167,121.5458333,2026-07-07 08:56:11,5.0,5.06574158295739,-0.06574158295738997,Gradient Boosting,Chintan Weir,New Taipei City,Sindian District,Danshuei River,Sindian River,0.0003,1.0,0.001,4.0,,400.0,82.0,0.002,8.3,99.8,0.002,0.003,0.007,0.0003,0.06,0.005,0.4,,1.0,,0.001,2.8,27.0,,0.028,24.4,0.011,7.62,2026,680,0.06574158295738997,False,normal,0.4044246213148957
1273,24.988715,121.5285731,2021-01-07 12:28:00,4.75,4.377628273975253,0.3723717260247472,Gradient Boosting,Ciulan Bridge,New Taipei City,Jhonghe District,Danshuei River,Sindian River,0.0003,1.0,0.001,5.3,3.4,33000.0,94.0,0.001,10.0,99.5,0.002,0.003,0.014,0.0003,0.1,0.005,0.58,0.015,1.5,0.001,0.001,33.0,13.1,0.6,0.093,15.4,0.009,7.41,2021,681,0.3723717260247472,False,normal,0.4044246213148957
1273,24.988715,121.5285731,2025-10-09 07:16:46,4.0,4.082990720958263,-0.08299072095826343,Gradient Boosting,Ciulan Bridge,New Taipei City,Jhonghe District,Danshuei River,Sindian River,,3.2,,14.3,10.6,17000.0,246.0,,6.4,82.2,,,,,1.06,,,,3.25,,,13.8,27.6,,,28.0,,7.66,2025,682,0.08299072095826343,False,normal,0.4044246213148957
1273,24.988715,121.5285731,2026-07-07 11:06:02,5.75,5.639524997814461,0.11047500218553896,Gradient Boosting,Ciulan Bridge,New Taipei City,Jhonghe District,Danshuei River,Sindian River,0.0003,1.0,0.001,4.0,5.7,1600.0,89.0,0.001,9.0,110.8,0.002,0.003,0.008,0.0003,0.12,0.005,0.41,,1.0,,0.001,3.4,29.3,,0.043,25.8,0.011,7.48,2026,683,0.11047500218553896,False,normal,0.4044246213148957
1274,25.0107769,121.64198,2021-01-07 10:11:00,4.5,4.620162491976379,-0.1201624919763793,Gradient Boosting,Fonlin Bridge,New Taipei City,Shihding District,Danshuei River,Jingmei River,0.0003,1.0,0.001,4.0,,24000.0,101.0,0.001,9.9,99.5,0.002,0.003,0.008,0.0003,0.02,0.005,0.6,0.005,1.5,0.001,0.001,24.3,14.7,0.73,0.052,15.5,0.006,7.46,2021,684,0.1201624919763793,False,normal,0.4044246213148957
1274,25.0107769,121.64198,2025-10-09 10:06:17,3.5,3.875545806771096,-0.37554580677109595,Gradient Boosting,Fonlin Bridge,New Taipei City,Shihding District,Danshuei River,Jingmei River,,1.9,,8.3,,1200.0,216.0,,8.2,105.2,,,,,0.23,,,,1.0,,,2.2,28.8,,,28.2,,8.19,2025,685,0.37554580677109595,False,normal,0.4044246213148957
1274,25.0107769,121.64198,2026-07-07 10:08:50,5.0,4.843971427084008,0.15602857291599204,Gradient Boosting,Fonlin Bridge,New Taipei City,Shihding District,Danshuei River,Jingmei River,0.0003,1.0,0.001,4.0,,2100.0,171.0,0.003,8.5,110.2,0.002,0.004,0.007,0.0003,0.12,0.005,0.36,,1.0,,0.001,2.1,31.3,,0.038,28.3,0.011,7.8,2026,686,0.15602857291599204,False,normal,0.4044246213148957
1280,25.0738869,121.5251139,2021-01-04 10:21:00,1.0,1.0428867179788925,-0.04288671797889254,Gradient Boosting,Jhongsan Bridge,Taipei City,Shihlin District,Danshuei River,Keelung River,0.0005,3.9,0.001,14.0,20.4,450000.0,235.0,0.003,4.4,44.9,0.002,0.003,0.03,0.0003,1.56,0.005,1.19,0.389,4.0,0.001,0.001,7.2,17.6,2.05,0.322,17.0,0.007,7.06,2021,687,0.04288671797889254,False,normal,0.4044246213148957
1280,25.0738869,121.5251139,2025-10-08 07:02:34,3.25,3.3100384513639023,-0.06003845136390229,Gradient Boosting,Jhongsan Bridge,Taipei City,Shihlin District,Danshuei River,Keelung River,,1.8,,15.6,167.0,46000.0,788.0,,2.0,26.8,,,,,1.46,,,,4.0,,,20.6,25.5,,,29.5,,7.16,2025,688,0.06003845136390229,False,normal,0.4044246213148957
1280,25.0738869,121.5251139,2026-07-06 10:31:36,3.25,3.280967123053613,-0.030967123053613044,Gradient Boosting,Jhongsan Bridge,Taipei City,Shihlin District,Danshuei River,Keelung River,0.0009,2.7,0.001,11.2,25.6,360000.0,254.0,0.004,3.9,52.7,0.002,0.003,0.05,0.0003,0.69,0.005,2.28,,2.75,,0.001,11.5,31.6,,0.212,30.8,0.014,7.15,2026,689,0.030967123053613044,False,normal,0.4044246213148957
1296,24.9209931,121.1961611,2025-10-01 08:48:23,1.0,1.0428867179788925,-0.04288671797889254,Gradient Boosting,Pingjhen 1st Bridge,Taoyuan County,Pingjhen Dstrict,Laojiie River,Dakengciyue River,,5.5,,31.7,,270000.0,2110.0,,5.6,73.8,,,,,0.9,,,,3.75,,,20.3,29.0,,,28.0,,7.4,2025,690,0.04288671797889254,False,normal,0.4044246213148957
1296,24.9209931,121.1961611,2026-07-08 08:51:30,1.0,1.0428867179788925,-0.04288671797889254,Gradient Boosting,Pingjhen 1st Bridge,Taoyuan County,Pingjhen Dstrict,Laojiie River,Dakengciyue River,0.0016,2.1,0.001,18.8,,22000.0,1190.0,0.048,7.7,100.8,0.002,0.005,0.07,0.0003,0.43,0.02,4.78,,1.0,,0.001,11.0,29.0,,2.83,28.6,0.136,7.73,2026,691,0.04288671797889254,False,normal,0.4044246213148957
1296,24.9209931,121.1961611,2021-01-06 08:04:21,1.0,1.0428867179788925,-0.04288671797889254,Gradient Boosting,Pingjhen 1st Bridge,Taoyuan County,Pingjhen Dstrict,Laojiie River,Laojiie River,0.008,19.4,0.001,53.4,,57000.0,1750.0,0.143,5.4,56.0,0.002,0.004,0.222,0.0003,5.87,0.023,14.9,0.726,6.5,0.001,0.001,32.7,14.0,11.8,6.24,17.0,0.315,7.35,2021,692,0.04288671797889254,False,normal,0.4044246213148957
1297,24.44951,120.7778481,2021-01-06 11:10:00,4.0,3.6725968422005533,0.32740315779944673,Gradient Boosting,Jhushenda Bridge,Miaoli County,Tongluo Township,Sihu River,Sihu River,0.0003,1.0,0.001,4.0,,21000.0,159.0,0.001,7.4,81.2,0.002,0.003,0.025,0.0003,0.25,0.005,1.08,0.011,1.0,0.001,0.001,1.7,17.2,1.34,0.038,18.4,0.033,6.85,2021,693,0.32740315779944673,False,normal,0.4044246213148957
1297,24.44951,120.7778481,2025-10-16 07:40:00,3.75,3.633757470256036,0.11624252974396398,Gradient Boosting,Jhushenda Bridge,Miaoli County,Tongluo Township,Sihu River,Sihu River,,1.0,,4.6,,9500.0,179.0,,7.4,92.6,,,,,0.03,,,,1.0,,,2.0,24.2,,,25.4,,7.14,2025,694,0.11624252974396398,False,normal,0.4044246213148957
1297,24.44951,120.7778481,2026-07-03 08:30:00,3.5,3.502439003626636,-0.0024390036266361825,Gradient Boosting,Jhushenda Bridge,Miaoli County,Tongluo Township,Sihu River,Sihu River,0.0003,2.2,0.001,7.6,,4000.0,203.0,0.001,8.2,104.0,0.002,0.003,0.018,0.0003,0.01,0.005,1.63,,1.0,,0.001,7.5,30.3,,0.066,26.6,0.031,7.91,2026,695,0.0024390036266361825,False,normal,0.4044246213148957
1298,24.1696469,120.705355,2021-01-08 09:40:00,6.25,6.153653351631418,0.09634664836858242,Gradient Boosting,Chenho Bridge,Taichung City,Beitun District,Wu River,Han River,0.0011,5.0,0.001,17.2,,65000.0,525.0,0.003,9.2,87.4,0.002,0.003,0.015,0.0003,2.24,0.026,4.84,0.501,3.5,0.001,0.001,4.3,13.5,4.43,1.29,12.4,0.033,7.76,2021,696,0.09634664836858242,False,normal,0.4044246213148957
1298,24.1696469,120.705355,2026-07-24 09:30:00,4.25,4.0301371494406775,0.21986285055932253,Gradient Boosting,Chenho Bridge,Taichung City,Beitun District,Wu River,Han River,0.001,1.0,0.001,7.7,,23000.0,320.0,0.001,9.0,118.3,0.002,0.003,0.005,0.0003,0.1,0.005,2.92,,1.0,,0.001,4.8,28.8,,0.799,28.4,0.008,8.96,2026,697,0.21986285055932253,False,normal,0.4044246213148957
1299,24.110045,120.6656631,2026-07-24 11:30:00,5.25,4.844195178679578,0.40580482132042217,Gradient Boosting,Shuwan Bridge,Taichung City,Dali District,Wu River,Han River,0.0008,1.8,0.001,10.7,,150000.0,408.0,0.001,6.6,86.2,0.002,0.003,0.034,0.0003,1.54,0.005,2.46,,2.25,,0.001,7.6,31.5,,0.482,29.0,0.008,7.72,2026,698,0.40580482132042217,True,high,0.4044246213148957
1299,24.110045,120.6656631,2021-01-08 11:20:00,1.0,1.0428867179788925,-0.04288671797889254,Gradient Boosting,Shuwan Bridge,Taichung City,Dali District,Wu River,Han River,0.0007,5.0,0.001,19.7,,63000.0,411.0,0.002,6.4,67.5,0.002,0.003,0.045,0.0003,1.93,0.005,2.94,0.368,4.0,0.001,0.001,8.8,15.2,3.8,0.514,18.0,0.017,7.46,2021,699,0.04288671797889254,False,normal,0.4044246213148957
1299,24.110045,120.6656631,2025-10-03 09:30:00,3.25,3.280967123053613,-0.030967123053613044,Gradient Boosting,Shuwan Bridge,Taichung City,Dali District,Wu River,Han River,,2.1,,9.0,,100000.0,379.0,,6.9,89.1,,,,,1.08,,,,2.25,,,4.8,28.6,,,28.4,,7.66,2025,700,0.030967123053613044,False,normal,0.4044246213148957
1301,23.5249581,120.5462889,2021-01-07 13:08:00,1.0,1.0428867179788925,-0.04288671797889254,Gradient Boosting,Jhucida Bridge,Chiayi County,Jhuci Township,Puzih River,Puzih River,,,,,,,,,,,,,,,,,,,,,,,17.2,,,,,,2021,701,0.04288671797889254,False,normal,0.4044246213148957
1301,23.5249581,120.5462889,2025-10-07 10:50:00,1.0,1.0428867179788925,-0.04288671797889254,Gradient Boosting,Jhucida Bridge,Chiayi County,Jhuci Township,Puzih River,Puzih River,,1.0,,4.0,,150.0,295.0,,10.4,141.4,,,,,0.01,,,,1.0,,,4.6,35.6,,,30.4,,8.7,2025,702,0.04288671797889254,False,normal,0.4044246213148957
1302,23.2611608,120.2728478,2021-01-07 14:54:32,3.25,3.280967123053613,-0.030967123053613044,Gradient Boosting,Teisian Vi.,Tainan City,Siaying Township,Jishuei River,Jishuei River,0.0194,15.5,0.001,122.0,,89000.0,2820.0,0.012,0.6,6.4,0.002,0.003,0.337,0.0003,17.5,0.009,0.05,0.312,8.25,0.001,0.001,42.0,22.1,16.9,3.83,19.9,0.029,7.78,2021,703,0.030967123053613044,False,normal,0.4044246213148957
1302,23.2611608,120.2728478,2025-10-07 16:10:39,3.25,3.3309483442203716,-0.08094834422037156,Gradient Boosting,Teisian Vi.,Tainan City,Siaying Township,Jishuei River,Jishuei River,,3.2,,20.0,43.3,27000.0,783.0,,5.3,72.5,,,,,1.26,,,,4.5,,,51.1,34.2,,,31.4,,7.77,2025,704,0.08094834422037156,False,normal,0.4044246213148957
1302,23.2611608,120.2728478,2026-07-25 14:19:51,3.25,3.280967123053613,-0.030967123053613044,Gradient Boosting,Teisian Vi.,Tainan City,Siaying Township,Jishuei River,Jishuei River,0.0095,4.3,0.001,25.2,43.0,61000.0,696.0,0.005,3.4,46.1,0.002,0.003,0.169,0.0003,1.72,0.005,1.73,,4.5,,0.001,45.3,27.9,,0.643,30.2,0.021,7.6,2026,705,0.030967123053613044,False,normal,0.4044246213148957
1303,23.26604,120.1904269,2021-01-07 10:13:31,3.25,3.3499007493975634,-0.09990074939756344,Gradient Boosting,Erngon Bridge,Tainan City,Syuejia Township,Jishuei River,Jishuei River,0.017,1.6,0.001,33.2,7350.0,5600.0,22100.0,0.002,2.3,26.8,0.002,0.003,0.346,0.0003,10.8,0.005,0.82,0.344,5.0,0.001,0.001,48.0,16.1,6.41,1.89,18.1,0.012,7.78,2021,706,0.09990074939756344,False,normal,0.4044246213148957
1303,23.26604,120.1904269,2025-10-07 15:11:05,3.25,3.3499007493975634,-0.09990074939756344,Gradient Boosting,Erngon Bridge,Tainan City,Syuejia Township,Jishuei River,Jishuei River,,1.0,,12.8,2270.0,2600.0,7550.0,,2.3,31.8,,,,,2.34,,,,4.75,,,54.7,34.0,,,31.7,,7.61,2025,707,0.09990074939756344,False,normal,0.4044246213148957
1303,23.26604,120.1904269,2026-07-25 13:34:47,3.25,3.3499007493975634,-0.09990074939756344,Gradient Boosting,Erngon Bridge,Tainan City,Syuejia Township,Jishuei River,Jishuei River,0.0106,1.6,0.001,15.9,3690.0,2300.0,11800.0,0.003,2.1,28.0,0.002,0.003,0.198,0.0003,2.56,0.005,0.63,,4.0,,0.001,25.1,28.7,,0.712,31.0,0.025,7.64,2026,708,0.09990074939756344,False,normal,0.4044246213148957
1304,22.9987211,120.2506,2021-01-06 12:41:00,6.0,5.798789161567547,0.2012108384324529,Gradient Boosting,Chenguo Village,Tainan City,Yongkang District,Erren River,Erren River,,,,,,,,,,,,,,,,,,,,,,,23.9,,,,,,2021,709,0.2012108384324529,False,normal,0.4044246213148957
1304,22.9987211,120.2506,2025-10-03 16:04:00,5.0,4.88038811253946,0.11961188746053963,Gradient Boosting,Chenguo Village,Tainan City,Yongkang District,Erren River,Sanyegong River,,,,,,,,,,,,,,,,,,,,,,,33.8,,,,,,2025,710,0.11961188746053963,False,normal,0.4044246213148957
1304,22.9987211,120.2506,2026-07-17 12:38:35,4.5,4.687232445896003,-0.18723244589600263,Gradient Boosting,Chenguo Village,Tainan City,Yongkang District,Erren River,Sanyegong River,0.0078,11.4,0.001,29.9,,3400000.0,460.0,0.015,2.7,36.0,0.002,0.003,0.089,0.0003,6.54,0.005,0.87,,5.75,,0.001,13.2,32.2,,1.07,31.1,0.044,7.68,2026,711,0.18723244589600263,False,normal,0.4044246213148957
1305,22.8893889,120.3381944,2021-01-06 11:41:00,1.5,1.9569789997764713,-0.4569789997764713,Gradient Boosting,Nansyong Bridge,Kaohsiung City,Alian District,Erren River,Erren River,0.0079,1.8,0.001,18.3,,7100.0,712.0,0.001,3.8,42.4,0.002,0.003,0.147,0.0003,8.17,0.005,0.69,0.221,4.5,0.001,0.001,19.6,24.1,3.69,0.595,20.5,0.015,7.6,2021,712,0.4569789997764713,True,low,0.4044246213148957
1305,22.8893889,120.3381944,2025-10-03 15:10:25,2.75,2.757172111447925,-0.007172111447924845,Gradient Boosting,Nansyong Bridge,Kaohsiung City,Alian District,Erren River,Erren River,,1.4,,12.3,,9200.0,684.0,,4.1,55.4,,,,,0.49,,,,3.5,,,99.0,34.8,,,31.5,,7.84,2025,713,0.007172111447924845,False,normal,0.4044246213148957
1305,22.8893889,120.3381944,2026-07-17 11:41:22,4.5,4.239150385523861,0.26084961447613875,Gradient Boosting,Nansyong Bridge,Kaohsiung City,Alian District,Erren River,Erren River,0.0078,2.2,0.001,20.2,,7300.0,755.0,0.003,3.6,48.2,0.002,0.003,0.141,0.0003,0.82,0.005,1.12,,5.0,,0.001,178.0,32.8,,0.652,30.8,0.007,7.78,2026,714,0.26084961447613875,False,normal,0.4044246213148957
1327,24.4602919,121.7885989,2021-01-05 11:00:00,1.5,1.4967622978279964,0.003237702172003587,Gradient Boosting,Nanao Bridge,Yilan County,Suao Township,Nan-ao River,Nan-ao River,0.0033,1.0,0.001,4.0,,310.0,218.0,0.001,9.5,102.7,0.002,0.003,0.011,0.0003,0.01,0.005,0.2,0.004,1.0,0.001,0.001,14.8,23.1,0.22,0.074,19.5,0.009,8.04,2021,715,0.003237702172003587,False,normal,0.4044246213148957
1327,24.4602919,121.7885989,2025-10-01 12:43:35,2.25,2.4475780344209292,-0.19757803442092925,Gradient Boosting,Nanao Bridge,Yilan County,Suao Township,Nan-ao River,Nan-ao River,,1.3,,13.0,,1100.0,252.0,,8.1,102.4,,,,,0.06,,,,3.25,,,1570.0,29.5,,,27.4,,8.4,2025,716,0.19757803442092925,False,normal,0.4044246213148957
1327,24.4602919,121.7885989,2026-07-02 13:00:49,1.5,1.4967622978279964,0.003237702172003587,Gradient Boosting,Nanao Bridge,Yilan County,Suao Township,Nan-ao River,Nan-ao River,0.0038,1.0,0.001,5.0,,110.0,235.0,0.005,8.0,102.8,0.002,0.003,0.057,0.0003,0.04,0.005,0.21,,3.25,,0.001,153.0,31.2,,0.087,28.2,0.018,7.83,2026,717,0.003237702172003587,False,normal,0.4044246213148957
1332,24.8314511,121.7470589,2021-01-05 13:56:11,1.0,1.0428867179788925,-0.04288671797889254,Gradient Boosting,Meichien Cottage,Yilan County,Jiaosi Township,Dezihkou River,Dezihkou River,0.0003,1.0,0.001,4.0,,3800.0,132.0,0.001,9.8,103.3,0.002,0.003,0.005,0.0003,0.02,0.005,0.51,0.006,1.0,0.001,0.001,1.5,18.7,0.3,0.045,18.0,0.005,7.94,2021,718,0.04288671797889254,False,normal,0.4044246213148957
1332,24.8314511,121.7470589,2025-10-02 06:55:10,1.0,1.0428867179788925,-0.04288671797889254,Gradient Boosting,Meichien Cottage,Yilan County,Jiaosi Township,Dezihkou River,Dezihkou River,,1.0,,4.0,,4000.0,141.0,,8.4,99.2,,,,,0.07,,,,1.0,,,1.7,24.6,,,23.7,,7.69,2025,719,0.04288671797889254,False,normal,0.4044246213148957
1332,24.8288944,121.7516944,2026-07-03 11:40:15,1.5,1.494722743165691,0.005277256834308908,Gradient Boosting,Meichien Cottage,Yilan County,Jiaosi Township,Dezihkou River,Dezihkou River,0.0003,1.0,0.001,4.0,,200.0,131.0,0.003,7.9,97.6,0.002,0.003,0.005,0.0003,0.05,0.005,0.48,,1.0,,0.001,5.6,31.1,,0.027,25.9,0.02,7.82,2026,720,0.005277256834308908,False,normal,0.4044246213148957
1333,22.6302781,120.4580289,2021-01-04 13:59:45,6.5,6.182070498941457,0.31792950105854256,Gradient Boosting,Beinoon Brideg,Pingtung County,Pingtung City,Gaoping River,Gaoping River,0.0029,3.1,0.001,11.4,,77000.0,745.0,0.006,3.8,48.0,0.002,0.003,0.174,0.0003,2.36,0.006,0.88,0.344,4.0,0.001,0.001,9.2,31.6,3.03,0.176,27.8,0.02,7.65,2021,721,0.31792950105854256,False,normal,0.4044246213148957
1333,22.6302781,120.4580289,2025-10-09 13:02:16,5.75,5.639524997814461,0.11047500218553896,Gradient Boosting,Beinoon Brideg,Pingtung County,Pingtung City,Gaoping River,Niouchou River,,2.6,,12.0,,31000.0,700.0,,4.9,67.9,,,,,3.28,,,,3.75,,,11.4,37.8,,,32.8,,7.68,2025,722,0.11047500218553896,False,normal,0.4044246213148957
1333,22.6302781,120.4580289,2026-07-14 13:20:49,1.0,1.0428867179788925,-0.04288671797889254,Gradient Boosting,Beinoon Brideg,Pingtung County,Pingtung City,Gaoping River,Niouchou River,0.0022,2.6,0.001,10.1,,230000.0,689.0,0.002,3.2,42.5,0.002,0.003,0.242,0.0003,2.35,0.005,0.93,,3.5,,0.001,12.3,32.8,,1.11,30.9,0.025,7.79,2026,723,0.04288671797889254,False,normal,0.4044246213148957
1334,22.7247531,120.4887561,2021-01-04 12:44:00,3.25,3.3499007493975634,-0.09990074939756344,Gradient Boosting,Jiouru Bridge,Pingtung County,Jiouru Township,Gaoping River,Gaoping River,0.0013,13.0,0.001,59.2,,210000.0,726.0,0.014,5.4,64.7,0.002,0.003,0.115,0.0003,11.8,0.005,0.88,0.173,6.25,0.001,0.001,59.6,28.1,6.97,1.91,24.0,0.063,7.65,2021,724,0.09990074939756344,False,normal,0.4044246213148957
1334,22.7247531,120.4887561,2025-10-09 12:03:00,3.25,3.280967123053613,-0.030967123053613044,Gradient Boosting,Jiouru Bridge,Pingtung County,Jiouru Township,Gaoping River,Wuluo River,,3.9,,20.8,,45000.0,654.0,,7.5,99.9,,,,,4.03,,,,4.25,,,38.2,38.6,,,29.9,,7.64,2025,725,0.030967123053613044,False,normal,0.4044246213148957
1334,22.7247531,120.4887561,2026-07-14 11:00:00,1.0,1.0428867179788925,-0.04288671797889254,Gradient Boosting,Jiouru Bridge,Pingtung County,Jiouru Township,Gaoping River,Wuluo River,0.001,5.2,0.001,26.6,,39000.0,624.0,0.006,6.2,79.4,0.002,0.003,0.104,0.0003,2.59,0.005,2.14,,5.25,,0.001,52.4,30.6,,2.78,28.2,0.044,7.75,2026,726,0.04288671797889254,False,normal,0.4044246213148957
1335,22.8740081,120.487895,2025-10-09 11:56:00,1.0,1.0428867179788925,-0.04288671797889254,Gradient Boosting,Sinciwei Bridge,Kaohsiung City,Cishan District,Gaoping River,Cishan River,,1.0,,4.0,,1200.0,436.0,,9.6,130.4,,,,,0.02,,,,1.0,,,11.5,36.2,,,30.9,,8.32,2025,727,0.04288671797889254,False,normal,0.4044246213148957
1335,22.8740081,120.487895,2026-07-14 11:43:00,1.0,1.0428867179788925,-0.04288671797889254,Gradient Boosting,Sinciwei Bridge,Kaohsiung City,Cishan District,Gaoping River,Cishan River,0.0019,1.0,0.001,8.7,,1700.0,476.0,0.002,8.0,102.0,0.002,0.004,0.231,0.0003,0.06,0.007,0.6,,3.25,,0.001,361.0,33.9,,0.242,27.2,0.035,8.4,2026,728,0.04288671797889254,False,normal,0.4044246213148957
1335,22.8740081,120.487895,2021-01-04 12:21:42,3.25,3.280967123053613,-0.030967123053613044,Gradient Boosting,Sinciwei Bridge,Kaohsiung City,Cishan District,Gaoping River,Gaoping River,0.0006,1.0,0.001,4.0,,210.0,523.0,0.003,11.1,125.8,0.002,0.003,0.027,0.0003,0.01,0.005,0.07,0.004,1.0,0.001,0.001,9.2,28.1,0.94,0.021,21.4,0.011,8.4,2021,729,0.030967123053613044,False,normal,0.4044246213148957
1336,22.86845,120.4966081,2021-01-04 11:34:00,1.0,1.0428867179788925,-0.04288671797889254,Gradient Boosting,Cinan Bridge,Kaohsiung City,Cishan District,Gaoping River,Gaoping River,0.0009,1.0,0.001,4.2,,30000.0,526.0,0.001,8.8,99.4,0.002,0.003,0.072,0.0003,0.14,0.005,0.4,0.033,1.0,0.001,0.001,14.5,31.3,0.95,0.058,21.6,0.005,7.97,2021,730,0.04288671797889254,False,normal,0.4044246213148957
1336,22.86845,120.4966081,2025-10-09 11:15:00,3.25,3.280967123053613,-0.030967123053613044,Gradient Boosting,Cinan Bridge,Kaohsiung City,Cishan District,Gaoping River,Meinong River,,1.0,,8.7,,160000.0,469.0,,8.1,105.8,,,,,0.06,,,,3.25,,,276.0,38.0,,,29.0,,7.85,2025,731,0.030967123053613044,False,normal,0.4044246213148957
1336,22.86845,120.4966081,2026-07-14 10:00:00,1.0,1.0484030473186072,-0.04840304731860723,Gradient Boosting,Cinan Bridge,Kaohsiung City,Cishan District,Gaoping River,Meinong River,0.002,1.0,0.001,15.1,,10000.0,442.0,0.008,7.2,91.4,0.002,0.013,0.443,0.0003,0.13,0.016,0.46,,3.25,,0.001,635.0,30.9,,0.222,27.7,0.059,7.96,2026,732,0.04840304731860723,False,normal,0.4044246213148957
1337,22.9956667,120.6388333,2021-01-04 10:06:00,1.0,1.0428867179788925,-0.04288671797889254,Gradient Boosting,Liougueida Bridge,Kaohsiung City,Liouguei District,Gaoping River,Gaoping River,,,,,,,,,,,,,,,,,,,,,,,24.7,,,,,,2021,733,0.04288671797889254,False,normal,0.4044246213148957
1337,22.9956667,120.6388333,2025-10-09 10:58:00,3.25,3.280967123053613,-0.030967123053613044,Gradient Boosting,Liougueida Bridge,Kaohsiung City,Liouguei District,Gaoping River,Laonong River,,1.0,,11.6,,2500.0,400.0,,8.1,101.8,,,,,0.02,,,,3.25,,,676.0,31.0,,,25.5,,8.25,2025,734,0.030967123053613044,False,normal,0.4044246213148957
1337,22.9956667,120.6388333,2026-07-14 10:19:00,3.25,3.3499007493975634,-0.09990074939756344,Gradient Boosting,Liougueida Bridge,Kaohsiung City,Liouguei District,Gaoping River,Laonong River,0.0034,1.0,0.001,21.6,,900.0,418.0,0.012,8.1,103.2,0.002,0.019,0.701,0.0003,0.05,0.021,0.37,,3.25,,0.014,1190.0,28.6,,0.537,25.5,0.066,8.24,2026,735,0.09990074939756344,False,normal,0.4044246213148957
1338,22.8800761,120.6481231,2021-01-04 11:20:00,3.5,3.682294305868343,-0.18229430586834283,Gradient Boosting,Dagean Bridge,Kaohsiung City,Liouguei District,Gaoping River,Gaoping River,,,,,,,,,,,,,,,,,,,,,,,26.9,,,,,,2021,736,0.18229430586834283,False,normal,0.4044246213148957
1338,22.8800761,120.6481231,2025-10-09 12:09:00,1.0,1.1430981490718057,-0.14309814907180574,Gradient Boosting,Dagean Bridge,Kaohsiung City,Liouguei District,Gaoping River,Jhuokou River,,1.0,,25.1,,100.0,410.0,,7.7,100.8,,,,,0.02,,,,3.25,,,1240.0,30.7,,,28.1,,8.24,2025,737,0.14309814907180574,False,normal,0.4044246213148957
1338,22.8800761,120.6481231,2026-07-14 11:08:00,1.0,1.0428867179788925,-0.04288671797889254,Gradient Boosting,Dagean Bridge,Kaohsiung City,Liouguei District,Gaoping River,Jhuokou River,0.0027,1.0,0.001,42.6,,600.0,384.0,0.013,7.9,100.7,0.002,0.027,1.12,0.0003,0.12,0.021,0.26,,3.25,,0.001,2220.0,31.8,,0.874,26.5,0.062,8.14,2026,738,0.04288671797889254,False,normal,0.4044246213148957
1340,22.9251919,120.1943569,2021-01-06 09:06:00,1.0,1.0428867179788925,-0.04288671797889254,Gradient Boosting,Yunnin Bridge,Tainan City,Rende District,Erren River,Erren River,0.0085,4.6,0.001,26.0,5170.0,870000.0,17100.0,0.01,1.0,10.5,0.002,0.003,0.113,0.0003,12.5,0.034,0.25,0.436,6.0,0.001,0.001,9.2,21.0,4.94,1.35,19.7,0.021,7.69,2021,739,0.04288671797889254,False,normal,0.4044246213148957
1340,22.9251919,120.1943569,2025-10-03 12:41:15,1.0,1.0428867179788925,-0.04288671797889254,Gradient Boosting,Yunnin Bridge,Tainan City,Rende District,Erren River,Sanyegong River,,3.3,,15.6,4180.0,130000.0,13200.0,,2.2,30.8,,,,,5.43,,,,5.0,,,7.6,34.3,,,32.2,,7.72,2025,740,0.04288671797889254,False,normal,0.4044246213148957
1340,22.9251919,120.1943569,2026-07-17 17:52:37,1.0,1.0428867179788925,-0.04288671797889254,Gradient Boosting,Yunnin Bridge,Tainan City,Rende District,Erren River,Sanyegong River,0.0085,2.6,0.001,26.7,1740.0,260000.0,6150.0,0.004,2.3,31.2,0.002,0.003,0.112,0.0003,4.96,0.005,0.43,,4.5,,0.001,19.6,26.4,,1.03,30.0,0.015,7.68,2026,741,0.04288671797889254,False,normal,0.4044246213148957
1341,22.916728,120.4604619,2021-01-06 10:27:37,1.0,1.0428867179788925,-0.04288671797889254,Gradient Boosting,Erntsun Bridge,Kaohsiung City,Neimen District,Erren River,Erren River,0.0006,1.0,0.001,7.4,,27000.0,684.0,0.003,8.6,96.5,0.002,0.003,0.018,0.0003,0.83,0.005,0.25,0.01,1.5,0.001,0.001,12.9,24.3,1.11,0.136,20.9,0.012,8.26,2021,742,0.04288671797889254,False,normal,0.4044246213148957
1341,22.916728,120.4604619,2025-10-03 13:44:10,1.0,1.0428867179788925,-0.04288671797889254,Gradient Boosting,Erntsun Bridge,Kaohsiung City,Neimen District,Erren River,Erren River,,1.1,,5.3,,25000.0,465.0,,6.7,88.2,,,,,0.67,,,,2.75,,,57.0,36.3,,,30.0,,8.25,2025,743,0.04288671797889254,False,normal,0.4044246213148957
1341,22.916728,120.4604619,2026-07-17 10:06:40,1.0,1.0428867179788925,-0.04288671797889254,Gradient Boosting,Erntsun Bridge,Kaohsiung City,Neimen District,Erren River,Erren River,0.0072,3.6,0.001,17.1,,240000.0,600.0,0.002,4.8,63.9,0.002,0.003,0.178,0.0003,2.33,0.005,0.62,,4.5,,0.001,57.2,36.6,,0.652,29.6,0.011,7.8,2026,744,0.04288671797889254,False,normal,0.4044246213148957
1342,23.1375819,120.4304539,2021-01-08 13:20:52,2.25,2.1835815958402147,0.06641840415978528,Gradient Boosting,Dzomalia Bridge,Tainan City,Danei District,Zengwun River,Zengwun River,0.0021,1.9,0.001,11.3,,170.0,573.0,0.005,10.0,100.6,0.002,0.003,0.037,0.0003,0.02,0.005,0.67,0.016,1.5,0.001,0.001,44.3,11.5,1.6,0.043,15.6,0.013,8.35,2021,745,0.06641840415978528,False,normal,0.4044246213148957
1342,23.1375819,120.4304539,2025-10-15 13:31:38,1.0,1.0428867179788925,-0.04288671797889254,Gradient Boosting,Dzomalia Bridge,Tainan City,Danei District,Zengwun River,Zengwun River,,1.0,,8.6,,2900.0,539.0,,7.2,97.0,,,,,0.07,,,,2.25,,,79.0,33.2,,,30.8,,8.25,2025,746,0.04288671797889254,False,normal,0.4044246213148957
1342,23.1375819,120.4304539,2026-07-15 11:11:15,1.0,1.0428867179788925,-0.04288671797889254,Gradient Boosting,Dzomalia Bridge,Tainan City,Danei District,Zengwun River,Zengwun River,0.0017,1.0,0.001,4.0,,900.0,561.0,0.001,7.1,96.8,0.002,0.003,0.034,0.0003,0.01,0.005,0.91,,1.5,,0.001,31.2,34.3,,0.11,31.0,0.005,8.16,2026,747,0.04288671797889254,False,normal,0.4044246213148957
1343,24.3081519,120.835937,2021-01-06 14:10:00,1.0,1.0428867179788925,-0.04288671797889254,Gradient Boosting,Ciechen Bridge,Miaoli County,Jhuolan Township,Da-an River,Da-an River,0.002,1.0,0.001,4.0,,6500.0,446.0,0.001,9.2,100.2,0.002,0.003,0.021,0.0003,0.09,0.005,0.26,0.01,1.0,0.001,0.001,2.3,20.0,1.4,0.04,17.2,0.008,8.33,2021,748,0.04288671797889254,False,normal,0.4044246213148957
1343,24.3081519,120.835937,2025-10-13 13:21:00,1.0,1.0428867179788925,-0.04288671797889254,Gradient Boosting,Ciechen Bridge,Miaoli County,Jhuolan Township,Da-an River,Laojhuang River,,1.2,,5.8,,16000.0,400.0,,9.6,130.2,,,,,0.05,,,,1.0,,,6.3,30.2,,,29.6,,8.48,2025,749,0.04288671797889254,False,normal,0.4044246213148957
1344,24.3124669,120.830495,2021-01-06 14:50:00,1.5,1.4967622978279964,0.003237702172003587,Gradient Boosting,Wenfon Bridge,Miaoli County,Jhuolan Township,Da-an River,Da-an River,0.0021,3.7,0.001,5.4,,2500.0,445.0,0.001,9.5,101.3,0.002,0.003,0.005,0.0003,0.11,0.005,0.24,0.025,1.5,0.001,0.001,1.7,20.0,2.28,0.041,16.4,0.009,8.36,2021,750,0.003237702172003587,False,normal,0.4044246213148957
1345,25.0250861,121.369248,2021-01-06 08:13:40,1.5,1.4967622978279964,0.003237702172003587,Gradient Boosting,Dapoo Bridge,Taoyuan County,Gueishan District,Nankan River,Nankan River,0.004,34.1,0.001,48.5,,71000.0,2580.0,0.023,6.4,72.2,0.002,0.003,0.039,0.0003,15.5,0.007,3.91,0.393,6.5,0.001,0.001,23.4,16.0,11.0,5.72,20.1,0.044,7.4,2021,751,0.003237702172003587,False,normal,0.4044246213148957
1345,25.0250861,121.369248,2025-10-01 07:57:10,1.5,1.4967622978279964,0.003237702172003587,Gradient Boosting,Dapoo Bridge,Taoyuan County,Gueishan District,Nankan River,Nankan River,,13.4,,40.6,,320000.0,2860.0,,3.2,43.1,,,,,18.7,,,,5.75,,,14.9,31.3,,,29.2,,7.63,2025,752,0.003237702172003587,False,normal,0.4044246213148957
1346,24.642268,121.567251,2021-01-05 10:01:54,1.5,1.4967622978279964,0.003237702172003587,Gradient Boosting,Neodao Bridge,Yilan County,Datong Township,Lanyang River,Lanyang River,0.0003,1.0,0.001,4.0,,550.0,437.0,0.001,9.1,99.5,0.002,0.003,0.011,0.0003,0.02,0.005,0.42,0.003,1.0,0.001,0.001,8.8,18.8,0.31,0.039,18.7,0.012,8.3,2021,753,0.003237702172003587,False,normal,0.4044246213148957
1346,24.642268,121.567251,2025-10-02 10:25:46,1.5,1.4967622978279964,0.003237702172003587,Gradient Boosting,Neodao Bridge,Yilan County,Datong Township,Lanyang River,Lanyang River,,1.7,,18.4,,1100.0,542.0,,8.0,99.7,,,,,0.04,,,,3.25,,,1700.0,27.6,,,25.6,,8.27,2025,754,0.003237702172003587,False,normal,0.4044246213148957
1346,24.642268,121.567251,2026-07-03 07:25:40,1.0,1.0428867179788925,-0.04288671797889254,Gradient Boosting,Neodao Bridge,Yilan County,Datong Township,Lanyang River,Lanyang River,0.002,1.0,0.001,5.1,,2000.0,520.0,0.003,8.1,98.2,0.002,0.003,0.095,0.0003,0.06,0.005,0.43,,3.25,,0.001,268.0,26.1,,0.013,24.5,0.011,8.34,2026,755,0.04288671797889254,False,normal,0.4044246213148957
1347,24.92541,121.533135,2021-01-07 09:31:00,3.75,3.527676198221634,0.2223238017783662,Gradient Boosting,Chintan Weir Intake,New Taipei City,Sindian District,Danshuei River,Sindian River,0.0003,1.0,0.001,4.0,,3400.0,81.0,0.003,9.6,98.7,0.002,0.003,0.041,0.0003,0.01,0.005,0.44,0.003,1.0,0.001,0.001,3.4,13.3,0.4,0.029,16.7,0.012,7.61,2021,756,0.2223238017783662,False,normal,0.4044246213148957
1347,24.92541,121.533135,2025-10-09 09:15:00,1.5,1.2878057476559477,0.21219425234405231,Gradient Boosting,Chintan Weir Intake,New Taipei City,Sindian District,Danshuei River,Sindian River,,1.0,,5.0,,950.0,112.0,,8.3,102.6,,,,,0.06,,,,1.0,,,3.2,29.3,,,26.1,,7.73,2025,757,0.21219425234405231,False,normal,0.4044246213148957
1347,24.92541,121.533135,2026-07-07 07:56:00,3.25,3.370479293566406,-0.12047929356640585,Gradient Boosting,Chintan Weir Intake,New Taipei City,Sindian District,Danshuei River,Sindian River,0.0003,1.0,0.001,4.2,,300.0,84.0,0.001,8.4,100.9,0.002,0.003,0.009,0.0003,0.05,0.005,0.38,,1.0,,0.001,4.4,27.5,,0.026,24.0,0.011,7.22,2026,758,0.12047929356640585,False,normal,0.4044246213148957
1509,23.0485589,120.66916,2021-01-04 09:42:00,1.5,1.962495329116186,-0.46249532911618596,Gradient Boosting,Sinfada Bridge,Kaohsiung City,Liouguei District,Gaoping River,Gaoping River,,,,,,,,,,,,,,,,,,,,,,,23.9,,,,,,2021,759,0.46249532911618596,True,low,0.4044246213148957
1509,23.0485589,120.66916,2025-10-09 09:59:00,3.25,3.050328209765145,0.19967179023485482,Gradient Boosting,Sinfada Bridge,Kaohsiung City,Liouguei District,Gaoping River,Laonong River,,1.0,,7.2,,1000.0,391.0,,8.4,104.4,,,,,0.02,,,,3.25,,,320.0,28.2,,,23.4,,8.3,2025,760,0.19967179023485482,False,normal,0.4044246213148957
1509,23.0485589,120.66916,2026-07-14 09:35:00,3.25,3.3309483442203716,-0.08094834422037156,Gradient Boosting,Sinfada Bridge,Kaohsiung City,Liouguei District,Gaoping River,Laonong River,,,,,,,,,,,,,,,,,,,,,,,27.2,,,,,,2026,761,0.08094834422037156,False,normal,0.4044246213148957
1511,23.0831111,120.5845556,2025-10-09 09:54:00,3.25,3.3499007493975634,-0.09990074939756344,Gradient Boosting,Jiasian Intake,Kaohsiung City,Jiasian District,Gaoping River,Cishan River,,1.0,,4.0,,65.0,402.0,,8.0,100.6,,,,,0.01,,,,1.0,,,11.0,31.4,,,25.9,,8.42,2025,762,0.09990074939756344,False,normal,0.4044246213148957
1511,23.0831111,120.5845556,2026-07-14 09:50:00,1.0,1.0428867179788925,-0.04288671797889254,Gradient Boosting,Jiasian Intake,Kaohsiung City,Jiasian District,Gaoping River,Cishan River,0.0015,1.0,0.001,6.7,,750.0,434.0,0.002,8.5,106.4,0.002,0.006,0.193,0.0003,0.04,0.01,0.64,,3.25,,0.001,296.0,33.7,,0.178,25.2,0.025,8.42,2026,763,0.04288671797889254,False,normal,0.4044246213148957
1511,23.0831111,120.5845556,2021-01-04 09:50:00,1.0,1.0428867179788925,-0.04288671797889254,Gradient Boosting,Jiasian Intake,Kaohsiung City,Jiasian District,Gaoping River,Gaoping River,0.0003,1.0,0.001,4.0,,190.0,460.0,0.001,9.4,103.8,0.002,0.003,0.014,0.0003,0.01,0.006,0.07,0.005,1.0,0.001,0.001,18.2,24.2,0.82,0.022,19.4,0.006,8.43,2021,764,0.04288671797889254,False,normal,0.4044246213148957
1512,22.8985556,120.5357778,2021-01-04 10:25:10,1.5,1.4967622978279964,0.003237702172003587,Gradient Boosting,Simenda Bridge,Kaohsiung City,Meinong District,Gaoping River,Gaoping River,0.0004,1.0,0.001,4.0,,27000.0,492.0,0.001,10.4,114.5,0.002,0.003,0.02,0.0003,0.12,0.005,0.34,0.027,1.0,0.001,0.001,8.5,23.5,1.03,0.04,19.6,0.003,8.2,2021,765,0.003237702172003587,False,normal,0.4044246213148957
1512,22.8985556,120.5357778,2025-10-09 10:02:00,2.0,1.6132239798975687,0.3867760201024313,Gradient Boosting,Simenda Bridge,Kaohsiung City,Meinong District,Gaoping River,Meinong River,,1.0,,12.0,,25000.0,438.0,,7.6,97.2,,,,,0.08,,,,3.25,,,560.0,34.5,,,27.6,,8.04,2025,766,0.3867760201024313,False,normal,0.4044246213148957
1512,22.8985556,120.5357778,2026-07-14 09:01:00,2.25,2.523305249363899,-0.273305249363899,Gradient Boosting,Simenda Bridge,Kaohsiung City,Meinong District,Gaoping River,Meinong River,0.0032,1.0,0.001,19.1,,11000.0,408.0,0.005,7.7,94.9,0.002,0.01,0.469,0.0003,0.13,0.008,0.44,,3.25,,0.001,962.0,28.9,,0.138,26.1,0.039,8.15,2026,767,0.273305249363899,False,normal,0.4044246213148957
1633,24.8325569,121.0975461,2021-01-07 08:12:13,3.25,3.280967123053613,-0.030967123053613044,Gradient Boosting,Sansheng Bridge,Hsinchu County,Sinpu Township,Fongshan River,Fongshan River,0.0018,6.6,0.001,13.1,,7100.0,305.0,0.002,7.9,77.1,0.002,0.003,0.095,0.0003,1.26,0.005,3.61,0.359,3.5,0.001,0.001,14.9,12.0,3.39,0.979,13.8,0.012,7.53,2021,768,0.030967123053613044,False,normal,0.4044246213148957
1633,24.8325569,121.0975461,2025-10-02 08:00:23,4.5,4.620162491976379,-0.1201624919763793,Gradient Boosting,Sansheng Bridge,Hsinchu County,Sinpu Township,Fongshan River,Siiaoli River,,1.5,,13.8,,2700.0,324.0,,8.6,108.6,,,,,0.05,,,,1.0,,,13.4,28.0,,,26.8,,7.78,2025,769,0.1201624919763793,False,normal,0.4044246213148957
1633,24.8325569,121.0975461,2026-07-16 08:22:47,4.0,4.109537253481934,-0.10953725348193366,Gradient Boosting,Sansheng Bridge,Hsinchu County,Sinpu Township,Fongshan River,Siiaoli River,0.0016,1.6,0.001,6.3,,35000.0,252.0,0.003,7.9,100.6,0.002,0.003,0.14,0.0003,0.36,0.005,1.71,,1.0,,0.001,10.4,29.0,,0.356,27.0,0.006,7.77,2026,770,0.10953725348193366,False,normal,0.4044246213148957
1634,23.8785917,121.5187422,2021-01-06 08:02:00,5.75,4.991313161233253,0.7586868387667467,Gradient Boosting,Sialousi Bridge,Hualien County,Shoufong Township,Hualien River,Hualien River,0.0005,1.0,0.001,4.0,,21000.0,229.0,0.001,9.3,101.6,0.002,0.003,0.005,0.0003,0.04,0.005,0.74,0.001,1.0,0.001,0.001,2.1,15.9,0.38,0.041,18.6,0.012,8.2,2021,771,0.7586868387667467,True,high,0.4044246213148957
1634,23.8785917,121.5187422,2025-10-01 10:44:00,5.75,5.639524997814461,0.11047500218553896,Gradient Boosting,Sialousi Bridge,Hualien County,Shoufong Township,Hualien River,Hualien River,,1.4,,4.8,,1700.0,250.0,,8.3,104.0,,,,,0.02,,,,1.0,,,10.7,30.1,,,26.8,,8.32,2025,772,0.11047500218553896,False,normal,0.4044246213148957
1634,23.8785917,121.5187422,2026-07-02 10:35:45,6.25,5.255522635211561,0.9944773647884393,Gradient Boosting,Sialousi Bridge,Hualien County,Shoufong Township,Hualien River,Hualien River,0.0006,2.0,0.001,7.0,,310.0,248.0,0.001,8.4,108.6,0.002,0.003,0.005,0.0003,0.09,0.005,0.35,,1.0,,0.001,1.2,33.1,,0.032,28.7,0.008,8.35,2026,773,0.9944773647884393,True,high,0.4044246213148957
1635,24.6035,121.81086,2021-01-05 09:56:00,4.25,4.062809837279891,0.1871901627201087,Gradient Boosting,Woolaokan,Yilan County,Suao Township,Sincheng River,Sincheng River,0.0018,1.0,0.001,4.0,,95000.0,188.0,0.001,9.9,104.0,0.002,0.003,0.005,0.0003,0.01,0.005,0.3,0.001,1.0,0.001,0.001,1.4,18.3,0.34,0.048,17.9,0.009,7.92,2021,774,0.1871901627201087,False,normal,0.4044246213148957
1635,24.6035,121.81086,2025-10-02 06:55:41,1.0,1.0428867179788925,-0.04288671797889254,Gradient Boosting,Woolaokan,Yilan County,Suao Township,Sincheng River,Sincheng River,,1.0,,4.0,,1700.0,196.0,,8.4,101.6,,,,,0.02,,,,1.0,,,4.4,27.0,,,24.9,,8.12,2025,775,0.04288671797889254,False,normal,0.4044246213148957
1635,24.6035,121.81086,2026-07-03 08:27:42,1.0,1.0428867179788925,-0.04288671797889254,Gradient Boosting,Woolaokan,Yilan County,Suao Township,Sincheng River,Sincheng River,0.0017,1.0,0.001,4.0,,110.0,159.0,0.002,8.4,103.2,0.002,0.003,0.005,0.0003,0.01,0.005,0.31,,1.0,,0.001,3.3,27.2,,0.035,25.8,0.008,8.1,2026,776,0.04288671797889254,False,normal,0.4044246213148957
1637,24.3477731,121.3081519,2021-01-11 09:00:00,2.75,2.865038431768632,-0.11503843176863215,Gradient Boosting,Inbin Bridge,Taichung City,Heping District,Dajia River,Dajia River,0.0003,6.5,0.001,15.0,,400.0,264.0,0.001,9.4,98.4,0.002,0.003,0.005,0.0003,0.05,0.005,0.79,0.003,2.25,0.001,0.001,1.4,4.0,4.01,0.021,8.7,0.028,8.14,2021,777,0.11503843176863215,False,normal,0.4044246213148957
1637,24.3477731,121.3081519,2025-10-15 09:00:00,4.0,3.5979249764753956,0.40207502352460445,Gradient Boosting,Inbin Bridge,Taichung City,Heping District,Dajia River,Dajia River,,1.0,,4.0,,1100.0,275.0,,8.4,100.2,,,,,0.04,,,,1.0,,,1.0,20.2,,,14.2,,8.33,2025,778,0.40207502352460445,False,normal,0.4044246213148957
1637,24.3477731,121.3081519,2026-07-27 09:00:00,3.75,3.527676198221634,0.2223238017783662,Gradient Boosting,Inbin Bridge,Taichung City,Heping District,Dajia River,Dajia River,0.0005,1.0,0.001,4.0,,90.0,231.0,0.001,8.2,101.4,0.002,0.003,0.005,0.0003,0.02,0.005,0.28,,1.0,,0.001,1.0,19.1,,0.015,16.7,0.004,7.9,2026,779,0.2223238017783662,False,normal,0.4044246213148957
1639,24.0630831,120.9542911,2021-01-08 09:50:00,1.0,1.0428867179788925,-0.04288671797889254,Gradient Boosting,Cingliu Bridge,Nantou County,Ren’ai Township,Wu River,Beigang River,0.0008,1.5,0.001,4.0,,410.0,331.0,0.002,9.6,98.6,0.002,0.003,0.025,0.0003,0.11,0.005,0.16,0.001,1.0,0.001,0.001,4.0,12.3,1.68,0.021,14.6,0.028,8.3,2021,780,0.04288671797889254,False,normal,0.4044246213148957
1639,24.0630831,120.9542911,2025-10-02 09:30:00,1.0,1.1430981490718057,-0.14309814907180574,Gradient Boosting,Cingliu Bridge,Nantou County,Ren’ai Township,Wu River,Wu River,,1.0,,4.0,,6500.0,342.0,,8.5,106.1,,,,,0.01,,,,1.0,,,8.7,27.9,,,24.2,,8.36,2025,781,0.14309814907180574,False,normal,0.4044246213148957
1639,24.0630831,120.9542911,2026-07-23 09:30:00,1.0,1.1430981490718057,-0.14309814907180574,Gradient Boosting,Cingliu Bridge,Nantou County,Ren’ai Township,Wu River,Wu River,0.0006,1.0,0.001,4.0,,10000.0,286.0,0.001,8.8,107.5,0.002,0.003,0.017,0.0003,0.02,0.005,0.86,,1.5,,0.001,32.6,23.5,,0.043,22.9,0.005,8.28,2026,782,0.14309814907180574,False,normal,0.4044246213148957
1646,23.1203039,120.3453861,2021-01-08 14:40:00,5.0,5.278531004179504,-0.27853100417950394,Gradient Boosting,Peishihchou Bridge,Tainan City,Danei District,Zengwun River,Zengwun River,0.0041,1.0,0.001,8.2,,80.0,837.0,0.001,11.7,114.2,0.002,0.003,0.089,0.0003,0.22,0.005,0.26,0.009,1.5,0.001,0.001,30.2,11.7,1.63,0.035,14.5,0.005,8.18,2021,783,0.27853100417950394,False,normal,0.4044246213148957
1646,23.1203039,120.3453861,2025-10-15 14:58:38,5.5,5.591036502930408,-0.09103650293040833,Gradient Boosting,Peishihchou Bridge,Tainan City,Danei District,Zengwun River,Zengwun River,,1.0,,6.2,,600.0,676.0,,7.8,105.0,,,,,0.03,,,,1.5,,,33.0,31.1,,,31.1,,8.14,2025,784,0.09103650293040833,False,normal,0.4044246213148957
1646,23.1203039,120.3453861,2026-07-15 13:33:17,1.0,1.1994468107377063,-0.19944681073770631,Gradient Boosting,Peishihchou Bridge,Tainan City,Danei District,Zengwun River,Zengwun River,0.002,1.0,0.001,5.5,,300.0,558.0,0.002,7.5,104.2,0.002,0.003,0.042,0.0003,0.02,0.005,0.63,,1.5,,0.001,40.7,33.3,,0.062,32.4,0.005,8.27,2026,785,0.19944681073770631,False,normal,0.4044246213148957
1647,23.0444881,120.06263,2021-01-08 09:21:00,2.75,2.9410914337124003,-0.19109143371240034,Gradient Boosting,Zengwun River Mouth,Tainan City,Cigu District,Zengwun River,Zengwun River,0.0023,1.0,0.001,8.0,18700.0,100.0,50300.0,0.002,7.6,90.2,0.002,0.003,0.021,0.0003,0.13,0.005,0.33,0.025,1.5,0.001,0.001,44.7,10.2,0.82,0.13,14.3,0.008,8.16,2021,786,0.19109143371240034,False,normal,0.4044246213148957
1647,23.0444881,120.06263,2025-10-15 10:10:00,3.25,3.3499007493975634,-0.09990074939756344,Gradient Boosting,Zengwun River Mouth,Tainan City,Cigu District,Zengwun River,Zengwun River,,1.0,,8.0,13700.0,30.0,38000.0,,7.4,113.6,,,,,0.03,,,,1.0,,,14.1,30.8,,,31.3,,8.08,2025,787,0.09990074939756344,False,normal,0.4044246213148957
1647,23.0444881,120.06263,2026-07-15 15:16:17,3.25,3.3499007493975634,-0.09990074939756344,Gradient Boosting,Zengwun River Mouth,Tainan City,Cigu District,Zengwun River,Zengwun River,0.0036,1.0,0.001,8.8,11200.0,65.0,32000.0,0.002,6.3,96.3,0.002,0.003,0.057,0.0003,0.18,0.005,0.28,,3.75,,0.001,182.0,36.0,,0.223,32.1,0.009,7.99,2026,788,0.09990074939756344,False,normal,0.4044246213148957
1655,24.117481,120.6795569,2025-10-03 08:30:00,1.5,1.494722743165691,0.005277256834308908,Gradient Boosting,Guogwon Bridge,Taichung City,Dali District,Wu River,Han River,,1.2,,9.5,,70000.0,364.0,,7.1,89.3,,,,,0.65,,,,1.5,,,6.9,27.5,,,27.0,,7.58,2025,789,0.005277256834308908,False,normal,0.4044246213148957
1655,24.117481,120.6795569,2021-01-08 10:40:00,2.25,2.523305249363899,-0.273305249363899,Gradient Boosting,Guogwon Bridge,Taichung City,Dali District,Wu River,Han River,0.0005,4.2,0.001,12.6,,56000.0,374.0,0.001,6.4,68.4,0.002,0.003,0.026,0.0003,1.38,0.005,2.04,0.213,3.25,0.001,0.001,4.6,15.4,2.01,0.214,18.9,0.015,7.32,2021,790,0.273305249363899,False,normal,0.4044246213148957
1655,24.117481,120.6795569,2026-07-24 10:30:00,1.0,1.1430981490718057,-0.14309814907180574,Gradient Boosting,Guogwon Bridge,Taichung City,Dali District,Wu River,Han River,0.0007,1.0,0.001,10.2,,140000.0,372.0,0.002,6.6,85.6,0.002,0.003,0.02,0.0003,0.78,0.005,2.83,,1.5,,0.001,18.8,30.1,,0.624,28.2,0.012,7.61,2026,791,0.14309814907180574,False,normal,0.4044246213148957
1656,22.5933589,120.439785,2021-01-04 15:24:08,1.0,1.0428867179788925,-0.04288671797889254,Gradient Boosting,Wandada Bridge,Kaohsiung City,Daliao District,Gaoping River,Gaoping River,0.0021,2.4,0.001,12.1,,1500.0,754.0,0.001,7.0,86.7,0.002,0.003,0.625,0.0003,3.8,0.005,0.68,0.312,3.25,0.001,0.001,11.7,26.9,3.87,0.555,26.3,0.007,7.86,2021,792,0.04288671797889254,False,normal,0.4044246213148957
1656,22.5933589,120.439785,2025-10-09 15:45:34,2.25,2.398023420704911,-0.14802342070491115,Gradient Boosting,Wandada Bridge,Kaohsiung City,Daliao District,Gaoping River,Gaoping River,,1.0,,15.3,,7500.0,487.0,,7.3,96.2,,,,,0.32,,,,3.25,,,804.0,33.0,,,29.8,,8.24,2025,793,0.14802342070491115,False,normal,0.4044246213148957
1656,22.5933589,120.439785,2026-07-14 16:06:00,1.0,1.1430981490718057,-0.14309814907180574,Gradient Boosting,Wandada Bridge,Kaohsiung City,Daliao District,Gaoping River,Gaoping River,0.0045,1.0,0.001,32.4,,5300.0,420.0,0.016,7.5,97.7,0.002,0.024,0.896,0.0003,0.28,0.022,0.53,,3.25,,0.001,1800.0,31.5,,0.843,28.8,0.068,8.04,2026,794,0.14309814907180574,False,normal,0.4044246213148957
1657,23.5069089,120.4895369,2021-01-07 13:45:40,6.0,5.616595713071181,0.383404286928819,Gradient Boosting,Second Super highway Sidewalk bridge ,Chiayi County,Jhuci Township,Puzih River,Puzih River,0.0038,2.0,0.001,11.5,,850.0,620.0,0.003,8.8,94.6,0.002,0.003,0.079,0.0003,0.16,0.005,1.38,0.093,1.0,0.001,0.001,12.2,17.7,2.13,0.182,19.0,0.012,7.94,2021,795,0.383404286928819,False,normal,0.4044246213148957
1657,23.5069089,120.4895369,2025-10-07 10:56:34,4.5,4.592685531705534,-0.09268553170553417,Gradient Boosting,Second Super highway Sidewalk bridge ,Chiayi County,Jhuci Township,Puzih River,Puzih River,,1.0,,4.4,,1800.0,414.0,,8.3,110.8,,,,,0.06,,,,1.0,,,4.2,31.6,,,30.8,,8.29,2025,796,0.09268553170553417,False,normal,0.4044246213148957
1657,23.5069089,120.4895369,2026-07-25 09:11:25,3.75,3.3866785728099345,0.36332142719006555,Gradient Boosting,Second Super highway Sidewalk bridge ,Chiayi County,Jhuci Township,Puzih River,Puzih River,0.0025,1.0,0.001,6.3,,4000.0,390.0,0.002,7.5,97.6,0.002,0.003,0.06,0.0003,0.07,0.005,0.98,,1.5,,0.001,42.7,30.5,,0.093,28.4,0.013,8.29,2026,797,0.36332142719006555,False,normal,0.4044246213148957
1658,24.1043861,120.57532,2021-01-08 14:50:00,3.5,3.792516559429248,-0.2925165594292478,Gradient Boosting,Fumazun,Changhua County,Changhua City,Wu River,Wu River,0.0018,2.5,0.001,7.4,,18000.0,474.0,0.004,8.7,82.8,0.002,0.003,0.118,0.0003,0.54,0.005,2.7,0.172,2.0,0.001,0.001,38.4,9.7,1.74,0.096,13.4,0.015,8.08,2021,798,0.2925165594292478,False,normal,0.4044246213148957
1658,24.1043861,120.57532,2025-10-02 14:50:00,3.75,3.956316828256464,-0.20631682825646402,Gradient Boosting,Fumazun,Changhua County,Changhua City,Wu River,Wu River,,1.9,,10.5,,3400000.0,433.0,,7.4,98.6,,,,,0.07,,,,2.25,,,89.2,32.5,,,30.9,,8.0,2025,799,0.20631682825646402,False,normal,0.4044246213148957
1658,24.1043861,120.57532,2026-07-23 14:50:00,2.75,2.7344095854838946,0.015590414516105433,Gradient Boosting,Fumazun,Changhua County,Changhua City,Wu River,Wu River,0.0013,1.0,0.001,8.7,,20000.0,376.0,0.002,7.3,97.2,0.002,0.003,0.046,0.0003,0.12,0.005,1.47,,3.25,,0.001,103.0,32.6,,0.131,29.8,0.006,7.89,2026,800,0.015590414516105433,False,normal,0.4044246213148957
1659,22.9006944,120.3101944,2021-01-06 12:18:26,6.0,6.1084231623758845,-0.10842316237588445,Gradient Boosting,Shihan Bridge,Kaohsiung City,Alian District,Erren River,Erren River,0.0098,1.7,0.001,19.2,,29000.0,815.0,0.002,2.9,32.0,0.002,0.003,0.247,0.0003,6.55,0.005,0.97,0.316,4.5,0.001,0.001,13.3,22.6,4.23,1.33,20.5,0.014,7.72,2021,801,0.10842316237588445,False,normal,0.4044246213148957
1659,22.9006944,120.3101944,2025-10-03 15:32:00,4.25,4.4516440992402515,-0.2016440992402515,Gradient Boosting,Shihan Bridge,Kaohsiung City,Alian District,Erren River,Erren River,,1.5,,11.2,,9700.0,765.0,,3.8,51.8,,,,,0.92,,,,4.0,,,63.4,36.8,,,31.6,,7.93,2025,802,0.2016440992402515,False,normal,0.4044246213148957
1659,22.9006944,120.3101944,2026-07-17 11:56:19,5.0,5.072877206659188,-0.07287720665918762,Gradient Boosting,Shihan Bridge,Kaohsiung City,Alian District,Erren River,Erren River,0.0071,1.5,0.001,18.4,,13000.0,952.0,0.003,2.7,35.6,0.002,0.003,0.17,0.0003,1.31,0.005,1.61,,5.75,,0.001,133.0,36.1,,0.61,30.1,0.012,7.82,2026,803,0.07287720665918762,False,normal,0.4044246213148957
1661,23.608475,120.3985111,2021-01-04 14:50:00,3.25,3.484301310010164,-0.23430131001016408,Gradient Boosting,Heping Bridge,Chiayi County,Sikou Township,Beigang River,Sandie River,0.0175,5.9,0.001,27.4,,590000.0,712.0,0.003,3.1,35.8,0.002,0.003,0.528,0.0003,4.72,0.005,1.41,0.789,5.75,0.001,0.001,11.0,23.2,6.53,0.733,22.2,0.021,7.68,2021,804,0.23430131001016408,False,normal,0.4044246213148957
1661,23.608475,120.3985111,2025-10-08 13:31:00,2.0,1.9107566784686116,0.08924332153138836,Gradient Boosting,Heping Bridge,Chiayi County,Sikou Township,Beigang River,Sandie River,,7.1,,20.3,,360000.0,567.0,,5.8,81.2,,,,,1.47,,,,6.25,,,130.0,33.2,,,33.4,,7.8,2025,805,0.08924332153138836,False,normal,0.4044246213148957
1661,23.608475,120.3985111,2026-07-10 15:00:00,2.0,2.4399259079358635,-0.4399259079358635,Gradient Boosting,Heping Bridge,Chiayi County,Sikou Township,Beigang River,Sandie River,0.0064,2.0,0.001,16.9,,290000.0,507.0,0.002,5.5,76.4,0.002,0.003,0.108,0.0003,0.58,0.005,1.51,,4.25,,0.001,105.0,32.0,,0.219,31.8,0.014,7.79,2026,806,0.4399259079358635,True,low,0.4044246213148957
1662,24.617528,121.00581,2021-01-06 13:30:00,1.0,1.0428867179788925,-0.04288671797889254,Gradient Boosting,Yongsing Bridge,Miaoli County,Nanjhuang Township,Jhonggang River,Jhonggang River,0.0003,1.9,0.001,4.8,,1600.0,431.0,0.001,9.4,99.5,0.002,0.003,0.005,0.0003,0.08,0.005,0.41,0.008,1.0,0.001,0.001,1.0,17.6,1.15,0.022,17.3,0.008,8.2,2021,807,0.04288671797889254,False,normal,0.4044246213148957
1662,24.617528,121.00581,2026-07-03 09:10:00,1.0,1.0428867179788925,-0.04288671797889254,Gradient Boosting,Yongsing Bridge,Miaoli County,Nanjhuang Township,Jhonggang River,Jhonggang River,0.0003,1.0,0.001,4.0,,1400.0,202.0,0.001,8.7,106.8,0.002,0.003,0.005,0.0003,0.02,0.005,0.82,,1.0,,0.001,10.5,31.0,,0.069,24.8,0.005,8.32,2026,808,0.04288671797889254,False,normal,0.4044246213148957
1663,22.8036944,120.3282222,2021-01-06 10:51:23,1.0,1.0428867179788925,-0.04288671797889254,Gradient Boosting,High Speed Rail Bridge,Kaohsiung City,Gangshan District,Agongdian River,Agongdian River,0.0068,1.2,0.001,15.5,,900.0,1080.0,0.001,8.3,90.1,0.002,0.003,0.127,0.0003,1.3,0.005,1.24,0.197,2.75,0.001,0.001,24.2,24.5,2.31,0.144,20.8,0.006,7.82,2021,809,0.04288671797889254,False,normal,0.4044246213148957
1663,22.8036944,120.3282222,2025-10-08 09:58:48,2.0,2.4399259079358635,-0.4399259079358635,Gradient Boosting,High Speed Rail Bridge,Kaohsiung City,Gangshan District,Agongdian River,Agongdian River,,1.0,,10.9,,1700.0,1120.0,,4.3,56.7,,,,,1.02,,,,4.0,,,21.5,33.0,,,30.2,,7.81,2025,810,0.4399259079358635,True,low,0.4044246213148957
1663,22.8036944,120.3282222,2026-07-16 10:59:37,3.25,3.749542732979166,-0.4995427329791662,Gradient Boosting,High Speed Rail Bridge,Kaohsiung City,Gangshan District,Agongdian River,Agongdian River,0.0063,1.0,0.001,8.5,,1900.0,510.0,0.005,6.3,86.0,0.002,0.007,0.174,0.0003,0.24,0.006,0.58,,3.75,,0.001,264.0,34.3,,0.186,31.8,0.021,7.94,2026,811,0.4995427329791662,True,low,0.4044246213148957
1669,24.9091389,121.01031,2021-01-07 14:03:00,3.75,3.6790133742689983,0.07098662573100167,Gradient Boosting,Dong Xing Bridge,Hsinchu County,Sinfong Township,Sinfong River,Sinfong River,0.0003,1.0,0.001,10.2,,51000.0,466.0,0.002,9.3,91.9,0.002,0.003,0.045,0.0003,0.24,0.006,0.83,0.01,1.0,0.001,0.001,3.8,14.0,2.34,0.132,14.9,0.012,7.13,2021,812,0.07098662573100167,False,normal,0.4044246213148957
1669,24.9091389,121.01031,2025-10-02 14:09:36,2.75,2.7846462771106992,-0.03464627711069923,Gradient Boosting,Dong Xing Bridge,Hsinchu County,Sinfong Township,Sinfong River,Sinfong River,,1.3,,12.6,,1500.0,643.0,,9.2,124.3,,,,,0.24,,,,1.0,,,5.2,32.0,,,31.0,,7.04,2025,813,0.03464627711069923,False,normal,0.4044246213148957
1669,24.9091389,121.01031,2026-07-16 11:25:10,3.25,3.400628751473172,-0.1506287514731719,Gradient Boosting,Dong Xing Bridge,Hsinchu County,Sinfong Township,Sinfong River,Sinfong River,0.0022,2.3,0.001,14.0,,5300.0,391.0,0.005,8.5,115.5,0.002,0.003,0.125,0.0003,0.17,0.005,1.19,,1.0,,0.001,6.6,32.0,,0.377,31.4,0.01,7.39,2026,814,0.1506287514731719,False,normal,0.4044246213148957
1670,24.9066667,120.9955647,2021-01-07 14:57:00,1.5,1.7605221879117778,-0.26052218791177784,Gradient Boosting,Zhong Shan Bridge (Sinfo,Hsinchu County,Sinfong Township,Sinfong River,Sinfong River,0.001,7.4,0.001,33.9,,27000.0,614.0,0.003,6.0,59.0,0.002,0.003,0.104,0.0003,6.46,0.006,1.29,0.226,5.0,0.001,0.001,5.0,14.0,7.95,1.17,15.1,0.009,7.39,2021,815,0.26052218791177784,False,normal,0.4044246213148957
1670,24.9066667,120.9955647,2025-10-02 14:48:38,3.25,3.3255491106338795,-0.07554911063387948,Gradient Boosting,Zhong Shan Bridge (Sinfo,Hsinchu County,Sinfong Township,Sinfong River,Sinfong River,,12.4,,65.6,,520000.0,563.0,,5.2,73.0,,,,,5.74,,,,5.5,,,38.6,31.0,,,33.0,,7.56,2025,816,0.07554911063387948,False,normal,0.4044246213148957
1670,24.9066667,120.9955647,2026-07-16 12:57:22,1.0,1.0428867179788925,-0.04288671797889254,Gradient Boosting,Zhong Shan Bridge (Sinfo,Hsinchu County,Sinfong Township,Sinfong River,Sinfong River,0.0018,2.8,0.001,15.4,,5900.0,310.0,0.006,8.0,110.6,0.002,0.003,0.188,0.0003,0.14,0.005,0.91,,1.0,,0.001,9.3,32.0,,0.382,32.4,0.016,8.17,2026,817,0.04288671797889254,False,normal,0.4044246213148957
1671,23.8150786,120.7828611,2021-01-11 08:40:00,1.0,1.0428867179788925,-0.04288671797889254,Gradient Boosting,Ji Lu Bridge,Nantou County,Lugu Township,Jhuoshuei River,Jhuoshuei River,0.0023,3.7,0.001,10.9,,45000.0,515.0,0.002,9.6,99.4,0.002,0.003,0.071,0.0003,0.18,0.005,0.23,0.005,2.75,0.001,0.001,86.3,12.0,1.42,0.037,15.8,0.017,8.42,2021,818,0.04288671797889254,False,normal,0.4044246213148957
1671,23.8150786,120.7828611,2025-10-13 08:40:00,2.66667,2.2374551877352196,0.4292148122647803,Gradient Boosting,Ji Lu Bridge,Nantou County,Lugu Township,Jhuoshuei River,Jhuoshuei River,,1.0,,63.4,,11000.0,483.0,,8.5,103.8,,,,,0.08,,,,3.25,,,2800.0,26.8,,,24.4,,8.3,2025,819,0.4292148122647803,True,high,0.4044246213148957
1671,23.8150786,120.7828611,2026-07-22 08:43:00,6.25,6.412657089781138,-0.16265708978113835,Gradient Boosting,Ji Lu Bridge,Nantou County,Lugu Township,Jhuoshuei River,Jhuoshuei River,0.0081,1.0,0.001,39.4,,7000.0,456.0,0.006,8.3,103.6,0.002,0.013,0.431,0.0003,0.11,0.009,0.68,,3.25,,0.001,1440.0,26.7,,0.489,25.3,0.028,8.32,2026,820,0.16265708978113835,False,normal,0.4044246213148957
1672,23.6266897,120.6561528,2021-01-11 11:20:00,3.5,3.1088408847725755,0.3911591152274245,Gradient Boosting,Rueitsau Bridge,Nantou County,Jhushan Township,Jhuoshuei River,Cingshuei River,0.0012,4.3,0.001,9.9,,90.0,476.0,0.001,10.0,103.2,0.002,0.003,0.008,0.0003,0.04,0.005,0.12,0.001,1.5,0.001,0.001,2.5,15.0,1.32,0.031,15.6,0.009,8.48,2021,821,0.3911591152274245,False,normal,0.4044246213148957
1672,23.6266897,120.6561528,2025-10-13 11:10:00,3.75,3.751266058253001,-0.0012660582530008568,Gradient Boosting,Rueitsau Bridge,Nantou County,Jhushan Township,Jhuoshuei River,Cingshuei River,,1.1,,4.8,,450.0,410.0,,8.3,105.6,,,,,0.03,,,,2.25,,,97.0,30.5,,,26.0,,8.46,2025,822,0.0012660582530008568,False,normal,0.4044246213148957
1672,23.6266897,120.6561528,2026-07-22 11:10:00,5.0,4.912224296289098,0.08777570371090171,Gradient Boosting,Rueitsau Bridge,Nantou County,Jhushan Township,Jhuoshuei River,Cingshuei River,0.0032,1.0,0.001,12.6,,4000.0,642.0,0.002,8.3,104.9,0.002,0.003,0.194,0.0003,0.07,0.005,1.16,,1.0,,0.001,,28.1,,0.109,25.8,0.016,8.46,2026,823,0.08777570371090171,False,normal,0.4044246213148957
1673,23.6458333,120.658625,2021-01-11 11:50:00,4.5,4.620162491976379,-0.1201624919763793,Gradient Boosting,Tungyou River Dike,Nantou County,Jhushan Township,Jhuoshuei River,Cingshuei River,0.0013,2.2,0.001,4.8,,65.0,480.0,0.003,10.4,104.3,0.002,0.003,0.009,0.0003,0.04,0.005,0.13,0.001,1.0,0.001,0.001,1.9,15.0,1.79,0.022,14.7,0.005,8.42,2021,824,0.1201624919763793,False,normal,0.4044246213148957
1673,23.6458333,120.658625,2025-10-13 11:40:00,2.75,2.944610891243662,-0.19461089124366193,Gradient Boosting,Tungyou River Dike,Nantou County,Jhushan Township,Jhuoshuei River,Cingshuei River,,1.0,,4.0,,250.0,408.0,,8.3,105.9,,,,,0.03,,,,2.25,,,69.0,30.8,,,26.9,,8.42,2025,825,0.19461089124366193,False,normal,0.4044246213148957
1673,23.6458333,120.658625,2026-07-22 11:41:00,1.5,1.414631850350819,0.08536814964918094,Gradient Boosting,Tungyou River Dike,Nantou County,Jhushan Township,Jhuoshuei River,Cingshuei River,0.0025,1.0,0.001,13.6,,1000.0,470.0,0.003,8.2,104.7,0.002,0.004,0.187,0.0003,0.07,0.005,1.14,,1.0,,0.001,,28.3,,0.272,26.4,0.02,8.48,2026,826,0.08536814964918094,False,normal,0.4044246213148957
1674,25.0070278,121.3141111,2021-01-06 12:47:00,3.25,3.3499007493975634,-0.09990074939756344,Gradient Boosting,Tianju Bridge,Taoyuan County,Taoyuan District,Nankan River,Nankan River,0.0019,17.2,0.001,38.3,,76000.0,1620.0,0.331,7.1,74.1,0.002,0.003,0.28,0.0003,7.58,0.011,3.53,0.783,6.0,0.001,0.001,22.4,16.0,7.37,2.3,18.5,0.056,7.28,2021,827,0.09990074939756344,False,normal,0.4044246213148957
1674,25.0070278,121.3141111,2025-10-01 12:36:44,4.5,4.344345567343586,0.155654432656414,Gradient Boosting,Tianju Bridge,Taoyuan County,Taoyuan District,Nankan River,Nankan River,,6.6,,28.2,,60000.0,1870.0,,8.8,122.3,,,,,6.48,,,,4.5,,,15.5,35.3,,,32.8,,8.12,2025,828,0.155654432656414,False,normal,0.4044246213148957
